-- phpMyAdmin SQL Dump
-- version 5.2.1
-- https://www.phpmyadmin.net/
--
-- Host: 127.0.0.1
-- Generation Time: Jun 16, 2026 at 11:37 AM
-- Server version: 10.4.28-MariaDB
-- PHP Version: 8.0.28

SET SQL_MODE = "NO_AUTO_VALUE_ON_ZERO";
START TRANSACTION;
SET time_zone = "+00:00";


/*!40101 SET @OLD_CHARACTER_SET_CLIENT=@@CHARACTER_SET_CLIENT */;
/*!40101 SET @OLD_CHARACTER_SET_RESULTS=@@CHARACTER_SET_RESULTS */;
/*!40101 SET @OLD_COLLATION_CONNECTION=@@COLLATION_CONNECTION */;
/*!40101 SET NAMES utf8mb4 */;

--
-- Database: `school_db`
--

-- --------------------------------------------------------

--
-- Table structure for table `attendance`
--

CREATE TABLE `attendance` (
  `att_id` int(11) NOT NULL,
  `student_id` int(11) NOT NULL,
  `att_date` date NOT NULL,
  `status` enum('ມາຮຽນ','ຂາດຮຽນ','ມາຊ້າ','ປ່ວຍ','ລາ') NOT NULL DEFAULT 'ມາຮຽນ',
  `notes` text DEFAULT NULL,
  `recorded_by` int(11) DEFAULT NULL,
  `created_at` timestamp NOT NULL DEFAULT current_timestamp()
) ENGINE=InnoDB DEFAULT CHARSET=utf8mb4 COLLATE=utf8mb4_unicode_ci;

--
-- Dumping data for table `attendance`
--

INSERT INTO `attendance` (`att_id`, `student_id`, `att_date`, `status`, `notes`, `recorded_by`, `created_at`) VALUES
(1, 6, '2026-03-14', 'ມາຮຽນ', '', NULL, '2026-03-14 09:06:32'),
(2, 5, '2026-03-14', 'ມາຮຽນ', '', NULL, '2026-03-14 09:06:32'),
(3, 13, '2026-03-14', 'ມາຮຽນ', '', NULL, '2026-03-14 11:13:05'),
(6, 4, '2026-03-14', 'ມາຮຽນ', '', NULL, '2026-03-14 11:13:05'),
(7, 3, '2026-03-14', 'ມາຮຽນ', '', NULL, '2026-03-14 11:13:05'),
(8, 2, '2026-03-14', 'ມາຮຽນ', '', NULL, '2026-03-14 11:13:05'),
(9, 1, '2026-03-14', 'ມາຮຽນ', '', NULL, '2026-03-14 11:13:05'),
(10, 13, '2026-03-15', 'ຂາດຮຽນ', '', NULL, '2026-03-15 16:02:23'),
(11, 13, '2026-04-22', 'ມາຮຽນ', '', NULL, '2026-04-22 11:41:50'),
(12, 1, '2026-04-22', 'ມາຊ້າ', '', NULL, '2026-04-22 11:41:50'),
(14, 6, '2026-04-22', 'ຂາດຮຽນ', '', NULL, '2026-04-22 11:42:05'),
(15, 5, '2026-04-22', 'ມາຊ້າ', '', NULL, '2026-04-22 11:42:05'),
(16, 3, '2026-04-22', 'ປ່ວຍ', '', NULL, '2026-04-22 11:42:05'),
(22, 2, '2026-04-22', 'ປ່ວຍ', '', NULL, '2026-04-22 11:42:17'),
(39, 4, '2026-04-22', 'ປ່ວຍ', '', NULL, '2026-04-22 11:48:29'),
(43, 13, '2026-04-24', 'ມາຮຽນ', '', NULL, '2026-04-24 08:39:16'),
(44, 6, '2026-04-24', 'ຂາດຮຽນ', '', NULL, '2026-04-24 08:39:16'),
(45, 5, '2026-04-24', 'ມາຊ້າ', '', NULL, '2026-04-24 08:39:16'),
(46, 4, '2026-04-24', 'ປ່ວຍ', '', NULL, '2026-04-24 08:39:16'),
(47, 13, '2026-05-05', 'ຂາດຮຽນ', '', NULL, '2026-05-05 12:09:46'),
(49, 6, '2026-05-05', 'ປ່ວຍ', '', NULL, '2026-05-05 13:06:48'),
(50, 5, '2026-05-05', 'ມາຮຽນ', '', NULL, '2026-05-05 13:06:48'),
(51, 4, '2026-05-05', 'ມາຮຽນ', '', NULL, '2026-05-05 13:06:48'),
(52, 3, '2026-05-05', 'ມາຮຽນ', '', NULL, '2026-05-05 13:06:48'),
(53, 2, '2026-05-05', 'ມາຮຽນ', '', NULL, '2026-05-05 13:06:48'),
(54, 1, '2026-05-05', 'ມາຮຽນ', '', NULL, '2026-05-05 13:06:48'),
(55, 19, '2026-05-21', 'ມາຮຽນ', '', NULL, '2026-05-21 13:13:07'),
(59, 14, '2026-05-21', 'ມາຮຽນ', '', NULL, '2026-05-21 13:13:07'),
(60, 13, '2026-05-21', 'ປ່ວຍ', '', NULL, '2026-05-21 13:13:07'),
(61, 6, '2026-05-21', 'ມາຮຽນ', '', NULL, '2026-05-21 13:13:07'),
(62, 5, '2026-05-21', 'ມາຮຽນ', '', NULL, '2026-05-21 13:13:07'),
(63, 4, '2026-05-21', 'ມາຊ້າ', '', NULL, '2026-05-21 13:13:07'),
(64, 3, '2026-05-21', 'ມາຊ້າ', '', NULL, '2026-05-21 13:13:07'),
(65, 2, '2026-05-21', 'ມາຮຽນ', '', NULL, '2026-05-21 13:13:07'),
(66, 1, '2026-05-21', 'ມາຮຽນ', '', NULL, '2026-05-21 13:13:07'),
(79, 19, '2026-05-22', 'ມາຮຽນ', '', NULL, '2026-05-22 13:14:38'),
(82, 22, '2026-05-29', 'ມາຮຽນ', '', NULL, '2026-05-29 02:21:21'),
(83, 20, '2026-05-29', 'ຂາດຮຽນ', '', NULL, '2026-05-29 02:21:21'),
(84, 19, '2026-05-29', 'ມາຊ້າ', '', NULL, '2026-05-29 02:21:21'),
(88, 14, '2026-05-29', 'ມາຮຽນ', '', NULL, '2026-05-29 02:21:21'),
(89, 13, '2026-05-29', 'ປ່ວຍ', '', NULL, '2026-05-29 02:21:21'),
(90, 6, '2026-05-29', 'ມາຮຽນ', '', NULL, '2026-05-29 02:21:21'),
(91, 5, '2026-05-29', 'ມາຮຽນ', '', NULL, '2026-05-29 02:21:21'),
(92, 4, '2026-05-29', 'ປ່ວຍ', '', NULL, '2026-05-29 02:21:21'),
(93, 3, '2026-05-29', 'ມາຮຽນ', '', NULL, '2026-05-29 02:21:21'),
(94, 2, '2026-05-29', 'ມາຮຽນ', '', NULL, '2026-05-29 02:21:21'),
(95, 1, '2026-05-29', 'ມາຮຽນ', '', NULL, '2026-05-29 02:21:21'),
(96, 22, '2026-06-01', 'ມາຮຽນ', '', NULL, '2026-06-01 10:15:10'),
(97, 20, '2026-06-01', 'ມາຊ້າ', '', NULL, '2026-06-01 10:15:10'),
(98, 19, '2026-06-01', 'ຂາດຮຽນ', '', NULL, '2026-06-01 10:15:10'),
(102, 14, '2026-06-01', 'ມາຮຽນ', '', NULL, '2026-06-01 10:15:10'),
(103, 13, '2026-06-01', 'ຂາດຮຽນ', '', NULL, '2026-06-01 10:15:10'),
(104, 6, '2026-06-01', 'ມາຮຽນ', '', NULL, '2026-06-01 10:15:10'),
(105, 5, '2026-06-01', 'ມາຊ້າ', '', NULL, '2026-06-01 10:15:10'),
(106, 4, '2026-06-01', 'ມາຮຽນ', '', NULL, '2026-06-01 10:15:10'),
(107, 3, '2026-06-01', 'ປ່ວຍ', '', NULL, '2026-06-01 10:15:10'),
(108, 2, '2026-06-01', 'ມາຮຽນ', '', NULL, '2026-06-01 10:15:10'),
(109, 1, '2026-06-01', 'ມາຮຽນ', '', NULL, '2026-06-01 10:15:10'),
(110, 23, '2026-06-06', 'ຂາດຮຽນ', '', NULL, '2026-06-06 13:51:09'),
(111, 22, '2026-06-06', 'ມາຊ້າ', '', NULL, '2026-06-06 13:51:09'),
(112, 20, '2026-06-06', 'ປ່ວຍ', '', NULL, '2026-06-06 13:51:09'),
(113, 19, '2026-06-06', 'ມາຮຽນ', '', NULL, '2026-06-06 13:51:10'),
(117, 14, '2026-06-06', 'ມາຮຽນ', '', NULL, '2026-06-06 13:51:10'),
(118, 13, '2026-06-06', 'ມາຮຽນ', '', NULL, '2026-06-06 13:51:10'),
(119, 6, '2026-06-06', 'ມາຮຽນ', '', NULL, '2026-06-06 13:51:10'),
(120, 5, '2026-06-06', 'ມາຮຽນ', '', NULL, '2026-06-06 13:51:10'),
(121, 4, '2026-06-06', 'ມາຮຽນ', '', NULL, '2026-06-06 13:51:10'),
(122, 3, '2026-06-06', 'ມາຮຽນ', '', NULL, '2026-06-06 13:51:10'),
(123, 2, '2026-06-06', 'ມາຮຽນ', '', NULL, '2026-06-06 13:51:10'),
(124, 1, '2026-06-06', 'ມາຮຽນ', '', NULL, '2026-06-06 13:51:10'),
(125, 23, '2026-06-10', 'ມາຮຽນ', '', NULL, '2026-06-10 11:17:57'),
(126, 22, '2026-06-10', 'ມາຮຽນ', '', NULL, '2026-06-10 11:17:57'),
(127, 20, '2026-06-10', 'ມາຮຽນ', '', NULL, '2026-06-10 11:17:57'),
(128, 19, '2026-06-10', 'ມາຮຽນ', '', NULL, '2026-06-10 11:17:57'),
(132, 14, '2026-06-10', 'ມາຮຽນ', '', NULL, '2026-06-10 11:17:57'),
(133, 13, '2026-06-10', 'ມາຮຽນ', '', NULL, '2026-06-10 11:17:57'),
(134, 6, '2026-06-10', 'ມາຮຽນ', '', NULL, '2026-06-10 11:17:57'),
(135, 5, '2026-06-10', 'ມາຮຽນ', '', NULL, '2026-06-10 11:17:57'),
(136, 4, '2026-06-10', 'ມາຮຽນ', '', NULL, '2026-06-10 11:17:57'),
(137, 3, '2026-06-10', 'ມາຮຽນ', '', NULL, '2026-06-10 11:17:57'),
(138, 2, '2026-06-10', 'ມາຮຽນ', '', NULL, '2026-06-10 11:17:57'),
(139, 1, '2026-06-10', 'ມາຮຽນ', '', NULL, '2026-06-10 11:17:57'),
(140, 134, '2026-06-15', 'ມາຮຽນ', '', NULL, '2026-06-15 01:39:51'),
(141, 133, '2026-06-15', 'ຂາດຮຽນ', '', NULL, '2026-06-15 01:39:51'),
(142, 132, '2026-06-15', 'ມາຮຽນ', '', NULL, '2026-06-15 01:39:51'),
(143, 131, '2026-06-15', 'ຂາດຮຽນ', '', NULL, '2026-06-15 01:39:51'),
(144, 130, '2026-06-15', 'ມາຮຽນ', '', NULL, '2026-06-15 01:39:51'),
(145, 129, '2026-06-15', 'ປ່ວຍ', '', NULL, '2026-06-15 01:39:51'),
(146, 128, '2026-06-15', 'ມາຮຽນ', '', NULL, '2026-06-15 01:39:51'),
(147, 127, '2026-06-15', 'ຂາດຮຽນ', '', NULL, '2026-06-15 01:39:51'),
(148, 126, '2026-06-15', 'ມາຊ້າ', '', NULL, '2026-06-15 01:39:51'),
(149, 125, '2026-06-15', 'ມາຮຽນ', '', NULL, '2026-06-15 01:39:51'),
(150, 124, '2026-06-15', 'ມາຊ້າ', '', NULL, '2026-06-15 01:39:51'),
(151, 123, '2026-06-15', 'ມາຮຽນ', '', NULL, '2026-06-15 01:39:51'),
(152, 122, '2026-06-15', 'ມາຮຽນ', '', NULL, '2026-06-15 01:39:51'),
(153, 121, '2026-06-15', 'ມາຮຽນ', '', NULL, '2026-06-15 01:39:51'),
(154, 120, '2026-06-15', 'ມາຮຽນ', '', NULL, '2026-06-15 01:39:51'),
(155, 119, '2026-06-15', 'ມາຮຽນ', '', NULL, '2026-06-15 01:39:51'),
(156, 118, '2026-06-15', 'ມາຮຽນ', '', NULL, '2026-06-15 01:39:51'),
(157, 117, '2026-06-15', 'ມາຮຽນ', '', NULL, '2026-06-15 01:39:51'),
(158, 116, '2026-06-15', 'ມາຮຽນ', '', NULL, '2026-06-15 01:39:51'),
(159, 115, '2026-06-15', 'ມາຮຽນ', '', NULL, '2026-06-15 01:39:51'),
(160, 114, '2026-06-15', 'ມາຮຽນ', '', NULL, '2026-06-15 01:39:51'),
(161, 113, '2026-06-15', 'ມາຮຽນ', '', NULL, '2026-06-15 01:39:51'),
(162, 112, '2026-06-15', 'ມາຮຽນ', '', NULL, '2026-06-15 01:39:51'),
(163, 111, '2026-06-15', 'ມາຮຽນ', '', NULL, '2026-06-15 01:39:51'),
(164, 110, '2026-06-15', 'ມາຮຽນ', '', NULL, '2026-06-15 01:39:51'),
(165, 109, '2026-06-15', 'ມາຮຽນ', '', NULL, '2026-06-15 01:39:51'),
(166, 108, '2026-06-15', 'ມາຮຽນ', '', NULL, '2026-06-15 01:39:51'),
(167, 107, '2026-06-15', 'ມາຮຽນ', '', NULL, '2026-06-15 01:39:51'),
(168, 106, '2026-06-15', 'ມາຮຽນ', '', NULL, '2026-06-15 01:39:51'),
(169, 105, '2026-06-15', 'ມາຮຽນ', '', NULL, '2026-06-15 01:39:51'),
(170, 104, '2026-06-15', 'ມາຮຽນ', '', NULL, '2026-06-15 01:39:51'),
(171, 103, '2026-06-15', 'ມາຮຽນ', '', NULL, '2026-06-15 01:39:51'),
(172, 102, '2026-06-15', 'ມາຮຽນ', '', NULL, '2026-06-15 01:39:51'),
(173, 101, '2026-06-15', 'ມາຮຽນ', '', NULL, '2026-06-15 01:39:51'),
(174, 100, '2026-06-15', 'ມາຮຽນ', '', NULL, '2026-06-15 01:39:51'),
(175, 99, '2026-06-15', 'ມາຮຽນ', '', NULL, '2026-06-15 01:39:51'),
(176, 98, '2026-06-15', 'ມາຮຽນ', '', NULL, '2026-06-15 01:39:51'),
(177, 97, '2026-06-15', 'ມາຮຽນ', '', NULL, '2026-06-15 01:39:51'),
(178, 96, '2026-06-15', 'ມາຮຽນ', '', NULL, '2026-06-15 01:39:51'),
(179, 95, '2026-06-15', 'ມາຮຽນ', '', NULL, '2026-06-15 01:39:51'),
(180, 94, '2026-06-15', 'ມາຮຽນ', '', NULL, '2026-06-15 01:39:51'),
(181, 93, '2026-06-15', 'ມາຮຽນ', '', NULL, '2026-06-15 01:39:51'),
(182, 92, '2026-06-15', 'ມາຮຽນ', '', NULL, '2026-06-15 01:39:51'),
(183, 91, '2026-06-15', 'ມາຮຽນ', '', NULL, '2026-06-15 01:39:51'),
(184, 90, '2026-06-15', 'ມາຮຽນ', '', NULL, '2026-06-15 01:39:52'),
(185, 89, '2026-06-15', 'ມາຮຽນ', '', NULL, '2026-06-15 01:39:52'),
(186, 88, '2026-06-15', 'ມາຮຽນ', '', NULL, '2026-06-15 01:39:52'),
(187, 87, '2026-06-15', 'ມາຮຽນ', '', NULL, '2026-06-15 01:39:52'),
(188, 86, '2026-06-15', 'ມາຮຽນ', '', NULL, '2026-06-15 01:39:52'),
(189, 85, '2026-06-15', 'ມາຮຽນ', '', NULL, '2026-06-15 01:39:52'),
(190, 84, '2026-06-15', 'ມາຮຽນ', '', NULL, '2026-06-15 01:39:52'),
(191, 83, '2026-06-15', 'ມາຮຽນ', '', NULL, '2026-06-15 01:39:52'),
(192, 82, '2026-06-15', 'ມາຮຽນ', '', NULL, '2026-06-15 01:39:52'),
(193, 81, '2026-06-15', 'ມາຮຽນ', '', NULL, '2026-06-15 01:39:52'),
(194, 80, '2026-06-15', 'ມາຮຽນ', '', NULL, '2026-06-15 01:39:52'),
(195, 79, '2026-06-15', 'ມາຮຽນ', '', NULL, '2026-06-15 01:39:52'),
(196, 78, '2026-06-15', 'ມາຮຽນ', '', NULL, '2026-06-15 01:39:52'),
(197, 77, '2026-06-15', 'ມາຮຽນ', '', NULL, '2026-06-15 01:39:52'),
(198, 76, '2026-06-15', 'ມາຮຽນ', '', NULL, '2026-06-15 01:39:52'),
(199, 75, '2026-06-15', 'ມາຮຽນ', '', NULL, '2026-06-15 01:39:52'),
(200, 74, '2026-06-15', 'ມາຮຽນ', '', NULL, '2026-06-15 01:39:52'),
(201, 73, '2026-06-15', 'ມາຮຽນ', '', NULL, '2026-06-15 01:39:52'),
(202, 72, '2026-06-15', 'ມາຮຽນ', '', NULL, '2026-06-15 01:39:52'),
(203, 71, '2026-06-15', 'ມາຮຽນ', '', NULL, '2026-06-15 01:39:52'),
(204, 70, '2026-06-15', 'ມາຮຽນ', '', NULL, '2026-06-15 01:39:52'),
(205, 69, '2026-06-15', 'ມາຮຽນ', '', NULL, '2026-06-15 01:39:52'),
(206, 68, '2026-06-15', 'ມາຮຽນ', '', NULL, '2026-06-15 01:39:52'),
(207, 67, '2026-06-15', 'ມາຮຽນ', '', NULL, '2026-06-15 01:39:52'),
(208, 66, '2026-06-15', 'ມາຮຽນ', '', NULL, '2026-06-15 01:39:52'),
(209, 65, '2026-06-15', 'ມາຮຽນ', '', NULL, '2026-06-15 01:39:52'),
(210, 64, '2026-06-15', 'ມາຮຽນ', '', NULL, '2026-06-15 01:39:52'),
(211, 63, '2026-06-15', 'ມາຮຽນ', '', NULL, '2026-06-15 01:39:52'),
(212, 62, '2026-06-15', 'ມາຮຽນ', '', NULL, '2026-06-15 01:39:52'),
(213, 61, '2026-06-15', 'ມາຮຽນ', '', NULL, '2026-06-15 01:39:52'),
(214, 60, '2026-06-15', 'ມາຮຽນ', '', NULL, '2026-06-15 01:39:52'),
(215, 59, '2026-06-15', 'ມາຮຽນ', '', NULL, '2026-06-15 01:39:52'),
(216, 58, '2026-06-15', 'ມາຮຽນ', '', NULL, '2026-06-15 01:39:52'),
(217, 57, '2026-06-15', 'ມາຮຽນ', '', NULL, '2026-06-15 01:39:52'),
(218, 56, '2026-06-15', 'ມາຮຽນ', '', NULL, '2026-06-15 01:39:52'),
(219, 55, '2026-06-15', 'ມາຮຽນ', '', NULL, '2026-06-15 01:39:52'),
(220, 54, '2026-06-15', 'ມາຮຽນ', '', NULL, '2026-06-15 01:39:52'),
(221, 53, '2026-06-15', 'ມາຮຽນ', '', NULL, '2026-06-15 01:39:52'),
(222, 52, '2026-06-15', 'ມາຮຽນ', '', NULL, '2026-06-15 01:39:52'),
(223, 51, '2026-06-15', 'ມາຮຽນ', '', NULL, '2026-06-15 01:39:52'),
(224, 50, '2026-06-15', 'ມາຮຽນ', '', NULL, '2026-06-15 01:39:52'),
(225, 49, '2026-06-15', 'ມາຮຽນ', '', NULL, '2026-06-15 01:39:52'),
(226, 48, '2026-06-15', 'ມາຮຽນ', '', NULL, '2026-06-15 01:39:52'),
(227, 47, '2026-06-15', 'ມາຮຽນ', '', NULL, '2026-06-15 01:39:52'),
(228, 46, '2026-06-15', 'ມາຮຽນ', '', NULL, '2026-06-15 01:39:52'),
(229, 45, '2026-06-15', 'ມາຮຽນ', '', NULL, '2026-06-15 01:39:52'),
(230, 44, '2026-06-15', 'ມາຮຽນ', '', NULL, '2026-06-15 01:39:52'),
(231, 43, '2026-06-15', 'ມາຮຽນ', '', NULL, '2026-06-15 01:39:53'),
(232, 42, '2026-06-15', 'ມາຮຽນ', '', NULL, '2026-06-15 01:39:53'),
(233, 41, '2026-06-15', 'ມາຮຽນ', '', NULL, '2026-06-15 01:39:53'),
(234, 40, '2026-06-15', 'ມາຮຽນ', '', NULL, '2026-06-15 01:39:53'),
(235, 39, '2026-06-15', 'ມາຮຽນ', '', NULL, '2026-06-15 01:39:53'),
(236, 38, '2026-06-15', 'ມາຮຽນ', '', NULL, '2026-06-15 01:39:53'),
(237, 37, '2026-06-15', 'ມາຮຽນ', '', NULL, '2026-06-15 01:39:53'),
(238, 36, '2026-06-15', 'ມາຮຽນ', '', NULL, '2026-06-15 01:39:53'),
(239, 35, '2026-06-15', 'ມາຮຽນ', '', NULL, '2026-06-15 01:39:53'),
(240, 34, '2026-06-15', 'ມາຮຽນ', '', NULL, '2026-06-15 01:39:53'),
(241, 33, '2026-06-15', 'ມາຮຽນ', '', NULL, '2026-06-15 01:39:53'),
(242, 32, '2026-06-15', 'ມາຮຽນ', '', NULL, '2026-06-15 01:39:53'),
(243, 31, '2026-06-15', 'ມາຮຽນ', '', NULL, '2026-06-15 01:39:53'),
(244, 30, '2026-06-15', 'ມາຮຽນ', '', NULL, '2026-06-15 01:39:53'),
(245, 29, '2026-06-15', 'ມາຮຽນ', '', NULL, '2026-06-15 01:39:53'),
(246, 28, '2026-06-15', 'ມາຮຽນ', '', NULL, '2026-06-15 01:39:53'),
(247, 27, '2026-06-15', 'ມາຮຽນ', '', NULL, '2026-06-15 01:39:53'),
(248, 26, '2026-06-15', 'ມາຮຽນ', '', NULL, '2026-06-15 01:39:53'),
(249, 25, '2026-06-15', 'ມາຮຽນ', '', NULL, '2026-06-15 01:39:53'),
(250, 24, '2026-06-15', 'ມາຮຽນ', '', NULL, '2026-06-15 01:39:53'),
(251, 23, '2026-06-15', 'ມາຮຽນ', '', NULL, '2026-06-15 01:39:53'),
(252, 22, '2026-06-15', 'ມາຮຽນ', '', NULL, '2026-06-15 01:39:53'),
(253, 20, '2026-06-15', 'ມາຮຽນ', '', NULL, '2026-06-15 01:39:53'),
(254, 19, '2026-06-15', 'ມາຮຽນ', '', NULL, '2026-06-15 01:39:53'),
(255, 14, '2026-06-15', 'ມາຮຽນ', '', NULL, '2026-06-15 01:39:53'),
(256, 13, '2026-06-15', 'ມາຮຽນ', '', NULL, '2026-06-15 01:39:53'),
(257, 6, '2026-06-15', 'ມາຮຽນ', '', NULL, '2026-06-15 01:39:53'),
(258, 5, '2026-06-15', 'ມາຮຽນ', '', NULL, '2026-06-15 01:39:53'),
(259, 4, '2026-06-15', 'ມາຮຽນ', '', NULL, '2026-06-15 01:39:53'),
(260, 3, '2026-06-15', 'ມາຮຽນ', '', NULL, '2026-06-15 01:39:53'),
(261, 2, '2026-06-15', 'ມາຮຽນ', '', NULL, '2026-06-15 01:39:53'),
(262, 1, '2026-06-15', 'ມາຮຽນ', '', NULL, '2026-06-15 01:39:53');

-- --------------------------------------------------------

--
-- Table structure for table `calendar_events`
--

CREATE TABLE `calendar_events` (
  `event_id` int(11) NOT NULL,
  `title` varchar(255) NOT NULL,
  `event_date` date NOT NULL,
  `color` char(7) NOT NULL DEFAULT '#22c55e',
  `created_by` int(11) DEFAULT NULL,
  `created_at` timestamp NOT NULL DEFAULT current_timestamp()
) ENGINE=InnoDB DEFAULT CHARSET=utf8mb4 COLLATE=utf8mb4_general_ci;

--
-- Dumping data for table `calendar_events`
--

INSERT INTO `calendar_events` (`event_id`, `title`, `event_date`, `color`, `created_by`, `created_at`) VALUES
(1, 'ພັກບຸນປິໄຫມ', '2026-04-14', '#2142c4', 1, '2026-04-22 11:25:50'),
(2, 'dyfo', '2026-05-14', '#22c55e', 1, '2026-05-14 14:03:42'),
(3, 'ພັກບຸນປິໄຫມ', '2026-05-29', '#213cc4', 1, '2026-05-29 02:21:57'),
(4, 'ວັນເດັກນ້ອຍ ສາກົນ', '2026-06-01', '#2158c4', 1, '2026-06-01 10:13:54');

-- --------------------------------------------------------

--
-- Table structure for table `classes`
--

CREATE TABLE `classes` (
  `class_id` int(11) NOT NULL,
  `class_name` varchar(100) NOT NULL,
  `level` varchar(50) NOT NULL COMMENT 'e.g. Nursery, K1, K2, K3, P1, P2...',
  `capacity` int(11) DEFAULT 30,
  `room_number` varchar(20) DEFAULT NULL,
  `mentor_teacher_id` int(11) DEFAULT NULL,
  `created_at` timestamp NOT NULL DEFAULT current_timestamp()
) ENGINE=InnoDB DEFAULT CHARSET=utf8mb4 COLLATE=utf8mb4_unicode_ci;

--
-- Dumping data for table `classes`
--

INSERT INTO `classes` (`class_id`, `class_name`, `level`, `capacity`, `room_number`, `mentor_teacher_id`, `created_at`) VALUES
(1, 'ອະນຸບານ Nursery A', 'Nursery', 20, 'N-01', 12, '2026-03-14 08:58:54'),
(2, 'ອະນຸບານ K1 A', 'K1', 25, 'K1-01', 11, '2026-03-14 08:58:54'),
(3, 'ອະນຸບານ K1 B', 'K1', 25, 'K1-02', 10, '2026-03-14 08:58:54'),
(4, 'ອະນຸບານ K2 A', 'K2', 25, 'K2-01', 9, '2026-03-14 08:58:54'),
(5, 'ອະນຸບານ K2 B', 'K2', 25, 'K2-02', 8, '2026-03-14 08:58:54'),
(6, 'ອະນຸບານ K3 A', 'K3', 25, 'K3-01', 7, '2026-03-14 08:58:54'),
(7, 'ປະຖົມ ປ.1 A', 'P1', 30, 'P1-01', 6, '2026-03-14 08:58:54'),
(8, 'ປະຖົມ ປ.2 A', 'P2', 30, 'P2-01', 5, '2026-03-14 08:58:54'),
(9, 'ປະຖົມ ປ.3 A', 'P3', 30, 'P3-01', 4, '2026-03-14 08:58:54'),
(10, 'ປະຖົມ ປ.4 A', 'P4', 30, 'P4-01', NULL, '2026-03-14 08:58:54'),
(11, 'ປະຖົມ ປ.5 A', 'P5', 30, 'P5-01', NULL, '2026-03-14 08:58:54');

-- --------------------------------------------------------

--
-- Table structure for table `finance_categories`
--

CREATE TABLE `finance_categories` (
  `cat_id` int(11) NOT NULL,
  `name` varchar(100) NOT NULL,
  `type` enum('income','expense') NOT NULL
) ENGINE=InnoDB DEFAULT CHARSET=utf8mb4 COLLATE=utf8mb4_unicode_ci;

--
-- Dumping data for table `finance_categories`
--

INSERT INTO `finance_categories` (`cat_id`, `name`, `type`) VALUES
(1, 'ຄ່າຮຽນ', 'income'),
(2, 'ຄ່າລົດ', 'income'),
(3, 'ຄ່າອາຫານ', 'income'),
(4, 'ຄ່າເງິນເດືອນ', 'expense'),
(5, 'ຄ່າບໍາລຸງ', 'expense'),
(6, 'ຄ່ານ້ຳ-ໄຟ', 'expense');

-- --------------------------------------------------------

--
-- Table structure for table `finance_transactions`
--

CREATE TABLE `finance_transactions` (
  `tx_id` int(11) NOT NULL,
  `student_id` int(11) DEFAULT NULL,
  `category_id` int(11) DEFAULT NULL,
  `title` varchar(255) NOT NULL,
  `amount` decimal(12,2) NOT NULL,
  `type` enum('income','expense') NOT NULL,
  `status` enum('paid','pending','overdue') DEFAULT 'pending',
  `due_date` date DEFAULT NULL,
  `tx_date` date DEFAULT NULL,
  `notes` text DEFAULT NULL,
  `created_at` timestamp NOT NULL DEFAULT current_timestamp()
) ENGINE=InnoDB DEFAULT CHARSET=utf8mb4 COLLATE=utf8mb4_unicode_ci;

--
-- Dumping data for table `finance_transactions`
--

INSERT INTO `finance_transactions` (`tx_id`, `student_id`, `category_id`, `title`, `amount`, `type`, `status`, `due_date`, `tx_date`, `notes`, `created_at`) VALUES
(18, NULL, NULL, 'ບໍລິຈາກ', 1000000.00, 'income', 'paid', '2026-03-14', '2026-03-14', '', '2026-03-14 11:38:09'),
(19, NULL, NULL, 'ຄ່າບໍລິຫານໄພຟ້າ', 500000.00, 'expense', 'paid', '2026-03-14', '2026-03-14', '', '2026-03-14 11:39:00'),
(20, 23, 1, 'ຄ່າເທີມ', 5000000.00, 'income', 'paid', '2026-06-06', '2026-06-06', '', '2026-06-06 05:44:16'),
(21, 23, 1, 'ຄ່າເທີມ', 2000000.00, 'income', 'paid', '2026-06-06', '2026-06-06', '', '2026-06-06 05:49:56'),
(22, 19, 1, 'ຄ່າເທີມ', 7000000.00, 'income', 'paid', '2026-06-06', '2026-06-06', '', '2026-06-06 06:04:35'),
(24, 14, 1, 'ຄ່າເທີມ', 7000000.00, 'income', 'paid', '2026-06-10', '2026-06-10', '', '2026-06-10 11:36:27'),
(25, 134, 1, 'ຄ່າເທີມ', 7000000.00, 'income', 'paid', '2026-06-12', '2026-06-12', '', '2026-06-12 15:54:43'),
(26, 134, 1, 'ຄ່າເທີມ', 7000000.00, 'income', 'paid', '2026-06-15', '2026-06-15', '', '2026-06-15 01:45:16'),
(27, 94, 1, 'ຄ່າເທີມ', 7000000.00, 'income', 'paid', NULL, '2026-06-15', '', '2026-06-15 11:35:16'),
(28, 104, 1, 'ຄ່າເທີມ (ຈ່າຍບາງສ່ວນ)', 4000000.00, 'income', 'paid', NULL, '2026-06-15', '', '2026-06-15 11:36:41'),
(29, 104, 1, 'ຄ່າເທີມ (ຄ້າງຊຳລະ)', 3000000.00, 'income', 'paid', '2026-06-15', '2026-06-15', '', '2026-06-15 11:36:41'),
(30, 113, 1, 'ຄ່າເທີມນັກຮຽນ', 7000000.00, 'income', 'paid', '2026-06-15', '2026-06-15', '', '2026-06-15 11:37:34'),
(31, 27, 1, 'ຄ່າເທີມນັກຮຽນ', 5000000.00, 'income', 'paid', NULL, '2026-06-15', '', '2026-06-15 11:50:14'),
(33, 54, 1, 'ຄ່າເທີມນັກຮຽນ (ລໍຖ້າຊຳລະ)', 5000000.00, 'income', 'pending', '2026-07-17', '2026-06-15', '', '2026-06-15 11:51:52'),
(34, 74, 1, 'ຄ່າເທີມນັກຮຽນ (ຈ່າຍບາງສ່ວນ)', 2000000.00, 'income', 'paid', NULL, '2026-06-15', '', '2026-06-15 12:12:07'),
(35, 74, 1, 'ຄ່າເທີມນັກຮຽນ (ຄ້າງຊຳລະ)', 5000000.00, 'income', 'overdue', '2026-07-24', '2026-06-15', '', '2026-06-15 12:12:07'),
(36, NULL, 5, 'ສອບເເປງກະເບືອງ', 400000.00, 'expense', 'paid', '2026-06-15', '2026-06-15', '', '2026-06-15 12:27:19'),
(37, 134, 1, 'ຄ່າເທີມນັກຮຽນ', 7000000.00, 'income', 'paid', NULL, '2026-06-15', '', '2026-06-15 12:54:06'),
(39, 116, 1, 'ຄ່າເທີມນັກຮຽນ (ຈ່າຍບາງສ່ວນ)', 4000000.00, 'income', 'paid', NULL, '2026-06-15', '', '2026-06-15 15:04:47'),
(40, 116, 1, 'ຄ່າເທີມນັກຮຽນ (ຄ້າງຊຳລະ)', 3000000.00, 'income', 'overdue', '2026-06-15', '2026-06-15', '', '2026-06-15 15:04:47'),
(41, 112, 1, 'ຄ່າເທີມນັກຮຽນ (ຈ່າຍບາງສ່ວນ)', 1000000.00, 'income', 'paid', NULL, '2026-06-15', '', '2026-06-15 15:07:31'),
(42, 112, 1, 'ຄ່າເທີມນັກຮຽນ (ຄ້າງຊຳລະ)', 6000000.00, 'income', 'overdue', '2026-06-15', '2026-06-15', '', '2026-06-15 15:07:31'),
(43, 111, 1, 'ຄ່າເທີມນັກຮຽນ (ຈ່າຍບາງສ່ວນ)', 3000000.00, 'income', 'paid', NULL, '2026-06-15', '', '2026-06-15 15:12:41'),
(44, 111, 1, 'ຄ່າເທີມນັກຮຽນ (ຄ້າງຊຳລະ)', 4000000.00, 'income', 'overdue', '2026-06-15', '2026-06-15', '', '2026-06-15 15:12:41');

-- --------------------------------------------------------

--
-- Table structure for table `health_alerts`
--

CREATE TABLE `health_alerts` (
  `alert_id` int(11) NOT NULL,
  `student_id` int(11) DEFAULT NULL,
  `allergy` varchar(100) DEFAULT NULL,
  `symptoms` varchar(255) DEFAULT NULL,
  `advice` varchar(255) DEFAULT NULL,
  `severity` varchar(20) DEFAULT NULL,
  `created_at` timestamp NOT NULL DEFAULT current_timestamp()
) ENGINE=InnoDB DEFAULT CHARSET=utf8mb4 COLLATE=utf8mb4_unicode_ci;

--
-- Dumping data for table `health_alerts`
--

INSERT INTO `health_alerts` (`alert_id`, `student_id`, `allergy`, `symptoms`, `advice`, `severity`, `created_at`) VALUES
(2, 19, 'ແພ້ ຖົ່ວເຫຼືອງ', 'ໜ້າແດງ ແລະ ມີຜືນຂື້ນຕາມໂຕ', 'ຫ້າມບໍ່ໃຫ້ກິນອາຫານ ຫຼື ຂະໜົມທີ່ມີຖົ່ວເຫຼືອງປະສົມຢູ່', 'moderate', '2026-06-08 14:59:30');

-- --------------------------------------------------------

--
-- Table structure for table `health_records`
--

CREATE TABLE `health_records` (
  `record_id` int(11) NOT NULL,
  `student_id` int(11) DEFAULT NULL,
  `visit_date` date DEFAULT NULL,
  `symptoms` varchar(255) DEFAULT NULL,
  `diagnosis` varchar(255) DEFAULT NULL,
  `treatment` varchar(255) DEFAULT NULL,
  `status` varchar(20) DEFAULT NULL,
  `created_at` timestamp NOT NULL DEFAULT current_timestamp()
) ENGINE=InnoDB DEFAULT CHARSET=utf8mb4 COLLATE=utf8mb4_unicode_ci;

--
-- Dumping data for table `health_records`
--

INSERT INTO `health_records` (`record_id`, `student_id`, `visit_date`, `symptoms`, `diagnosis`, `treatment`, `status`, `created_at`) VALUES
(2, 23, '2026-06-08', 'ໜ້າມືດ, ເປົນວິນ', 'ເຈັບຫົວເນື່ອງຈາກວ່າແດດຮ້ອນເກີນ', 'ໃຫ້ຢາແກ້ປວດ ແລະ ພັກຜ່ອນ 30 ນາທີ', 'recovered', '2026-06-08 14:58:10');

-- --------------------------------------------------------

--
-- Table structure for table `login_logs`
--

CREATE TABLE `login_logs` (
  `log_id` int(11) NOT NULL,
  `user_id` int(11) NOT NULL,
  `username` varchar(100) NOT NULL,
  `role` varchar(50) NOT NULL DEFAULT '',
  `ip_address` varchar(45) DEFAULT NULL,
  `user_agent` varchar(255) DEFAULT NULL,
  `logged_at` datetime NOT NULL DEFAULT current_timestamp()
) ENGINE=InnoDB DEFAULT CHARSET=utf8mb4 COLLATE=utf8mb4_general_ci;

--
-- Dumping data for table `login_logs`
--

INSERT INTO `login_logs` (`log_id`, `user_id`, `username`, `role`, `ip_address`, `user_agent`, `logged_at`) VALUES
(1, 1, 'admin', 'admin', '::1', 'Mozilla/5.0 (Windows NT 10.0; Win64; x64) AppleWebKit/537.36 (KHTML, like Gecko) Chrome/149.0.0.0 Safari/537.36', '2026-06-15 21:24:55'),
(2, 1, 'admin', 'admin', '::1', 'Mozilla/5.0 (Windows NT 10.0; Win64; x64) AppleWebKit/537.36 (KHTML, like Gecko) Chrome/149.0.0.0 Safari/537.36 Edg/149.0.0.0', '2026-06-15 22:03:29'),
(3, 1, 'admin', 'admin', '::1', 'Mozilla/5.0 (Windows NT 10.0; Win64; x64) AppleWebKit/537.36 (KHTML, like Gecko) Chrome/149.0.0.0 Safari/537.36 Edg/149.0.0.0', '2026-06-15 22:06:50'),
(4, 1, 'admin', 'admin', '::1', 'Mozilla/5.0 (Windows NT 10.0; Win64; x64) AppleWebKit/537.36 (KHTML, like Gecko) Chrome/149.0.0.0 Safari/537.36', '2026-06-15 22:27:09'),
(5, 1, 'admin', 'admin', '::1', 'Mozilla/5.0 (Windows NT 10.0; Win64; x64) AppleWebKit/537.36 (KHTML, like Gecko) Chrome/149.0.0.0 Safari/537.36 Edg/149.0.0.0', '2026-06-15 22:29:16');

-- --------------------------------------------------------

--
-- Table structure for table `meals`
--

CREATE TABLE `meals` (
  `meal_id` int(11) NOT NULL,
  `day_of_week` enum('ຈັນ','ອັງຄານ','ພຸດ','ພະຫັດ','ສຸກ') NOT NULL,
  `meal_time` enum('ອາຫານເຊົ້າ','ອາຫານວ່າງເຊົ້າ','ອາຫານທ່ຽງ','ອາຫານວ່າງບ່າຍ') NOT NULL,
  `menu_description` text NOT NULL,
  `week_date` date DEFAULT NULL COMMENT 'The Monday of the week this applies',
  `created_at` timestamp NOT NULL DEFAULT current_timestamp()
) ENGINE=InnoDB DEFAULT CHARSET=utf8mb4 COLLATE=utf8mb4_unicode_ci;

--
-- Dumping data for table `meals`
--

INSERT INTO `meals` (`meal_id`, `day_of_week`, `meal_time`, `menu_description`, `week_date`, `created_at`) VALUES
(1, 'ຈັນ', 'ອາຫານເຊົ້າ', 'ເຂົ້າຈີ່ + ນົມ + ໄຂ່ຕົ້ມ', '2026-03-16', '2026-03-14 08:58:54'),
(2, 'ຈັນ', 'ອາຫານວ່າງເຊົ້າ', 'ໝາກໄມ້ - ກ້ວຍ, ໝາກຂາມ', '2026-03-16', '2026-03-14 08:58:54'),
(3, 'ຈັນ', 'ອາຫານທ່ຽງ', 'ເຂົ້າ + ຊຸບໄກ່ + ຜັກຕົ້ມ', '2026-03-16', '2026-03-14 08:58:54'),
(4, 'ຈັນ', 'ອາຫານວ່າງບ່າຍ', 'ນ້ຳໝາກໄມ້ + ເຂົ້າໜົມ', '2026-03-16', '2026-03-14 08:58:54'),
(5, 'ອັງຄານ', 'ອາຫານເຊົ້າ', 'ຂະໜົມຈີນ + ນ້ຳຍາ', '2026-03-16', '2026-03-14 08:58:54'),
(6, 'ອັງຄານ', 'ອາຫານວ່າງເຊົ້າ', 'ໝາກໄມ້ - ໝາກພ້າວ', '2026-03-16', '2026-03-14 08:58:54'),
(7, 'ອັງຄານ', 'ອາຫານທ່ຽງ', 'ເຂົ້າ + ປາທອດ + ຜັກ', '2026-03-16', '2026-03-14 08:58:54'),
(8, 'ອັງຄານ', 'ອາຫານວ່າງບ່າຍ', 'ນົມ + ເຂົ້າໜົມ', '2026-03-16', '2026-03-14 08:58:54'),
(9, 'ພຸດ', 'ອາຫານເຊົ້າ', 'ເຂົ້າໜຽວ + ໄກ່ຢ່າງ', '2026-03-16', '2026-03-14 08:58:54'),
(10, 'ພຸດ', 'ອາຫານວ່າງເຊົ້າ', 'ໝາກໄມ້ - ໝາກຫຸ່ງ', '2026-03-16', '2026-03-14 08:58:54'),
(11, 'ພຸດ', 'ອາຫານທ່ຽງ', 'ເຂົ້າ + ຊຸບຜັກ + ຊີ້ນໝູ', '2026-03-16', '2026-03-14 08:58:54'),
(12, 'ພຸດ', 'ອາຫານວ່າງບ່າຍ', 'ນ້ຳໝາກໄມ້', '2026-03-16', '2026-03-14 08:58:54'),
(13, 'ພະຫັດ', 'ອາຫານເຊົ້າ', 'ໂຈ໋ + ໄຂ່ + ຜັກ', '2026-03-16', '2026-03-14 08:58:54'),
(14, 'ພະຫັດ', 'ອາຫານວ່າງເຊົ້າ', 'ໝາກໄມ້ - ໝາກຊ', '2026-03-16', '2026-03-14 08:58:54'),
(15, 'ພະຫັດ', 'ອາຫານທ່ຽງ', 'ເຂົ້າ + ໄກ່ຜັດ + ຜັກ', '2026-03-16', '2026-03-14 08:58:54'),
(16, 'ພະຫັດ', 'ອາຫານວ່າງບ່າຍ', 'ນົມ + ຫມາກໄມ້', '2026-03-16', '2026-03-14 08:58:54'),
(17, 'ສຸກ', 'ອາຫານເຊົ້າ', 'ບ່ວຍ + ຂະໜົມ', '2026-03-16', '2026-03-14 08:58:54'),
(18, 'ສຸກ', 'ອາຫານວ່າງເຊົ້າ', 'ໝາກໄມ້ - ໝາກນາວ', '2026-03-16', '2026-03-14 08:58:54'),
(19, 'ສຸກ', 'ອາຫານທ່ຽງ', 'ເຂົ້າ + ຊຸບໄກ່ + ເຂົ້າໜົມ', '2026-03-16', '2026-03-14 08:58:54'),
(20, 'ສຸກ', 'ອາຫານວ່າງບ່າຍ', 'ນ້ຳໝາກໄມ້ + ໝາກໄມ້ສົດ', '2026-03-16', '2026-03-14 08:58:54'),
(22, 'ຈັນ', 'ອາຫານເຊົ້າ', 'ເຂົ້າຈີ່ + ນົມ + ໄຂ່ຕົ້ມ', '2026-03-16', '2026-03-14 10:41:04'),
(23, 'ຈັນ', 'ອາຫານວ່າງເຊົ້າ', 'ໝາກໄມ້ - ກ້ວຍ, ໝາກຂາມ', '2026-03-16', '2026-03-14 10:41:04'),
(24, 'ຈັນ', 'ອາຫານທ່ຽງ', 'ເຂົ້າ + ຊຸບໄກ່ + ຜັກຕົ້ມ', '2026-03-16', '2026-03-14 10:41:04'),
(25, 'ຈັນ', 'ອາຫານວ່າງບ່າຍ', 'ນ້ຳໝາກໄມ້ + ເຂົ້າໜົມ', '2026-03-16', '2026-03-14 10:41:04'),
(26, 'ອັງຄານ', 'ອາຫານເຊົ້າ', 'ຂະໜົມຈີນ + ນ້ຳຍາ', '2026-03-16', '2026-03-14 10:41:04'),
(27, 'ອັງຄານ', 'ອາຫານວ່າງເຊົ້າ', 'ໝາກໄມ້ - ໝາກພ້າວ', '2026-03-16', '2026-03-14 10:41:04'),
(28, 'ອັງຄານ', 'ອາຫານທ່ຽງ', 'ເຂົ້າ + ປາທອດ + ຜັກ', '2026-03-16', '2026-03-14 10:41:04'),
(29, 'ອັງຄານ', 'ອາຫານວ່າງບ່າຍ', 'ນົມ + ເຂົ້າໜົມ', '2026-03-16', '2026-03-14 10:41:04'),
(30, 'ພຸດ', 'ອາຫານເຊົ້າ', 'ເຂົ້າໜຽວ + ໄກ່ຢ່າງ', '2026-03-16', '2026-03-14 10:41:04'),
(31, 'ພຸດ', 'ອາຫານວ່າງເຊົ້າ', 'ໝາກໄມ້ - ໝາກຫຸ່ງ', '2026-03-16', '2026-03-14 10:41:04'),
(32, 'ພຸດ', 'ອາຫານທ່ຽງ', 'ເຂົ້າ + ຊຸບຜັກ + ຊີ້ນໝູ', '2026-03-16', '2026-03-14 10:41:04'),
(33, 'ພຸດ', 'ອາຫານວ່າງບ່າຍ', 'ນ້ຳໝາກໄມ້', '2026-03-16', '2026-03-14 10:41:04'),
(34, 'ພະຫັດ', 'ອາຫານເຊົ້າ', 'ໂຈ໋ + ໄຂ່ + ຜັກ', '2026-03-16', '2026-03-14 10:41:04'),
(35, 'ພະຫັດ', 'ອາຫານວ່າງເຊົ້າ', 'ໝາກໄມ້ - ໝາກຊ', '2026-03-16', '2026-03-14 10:41:04'),
(36, 'ພະຫັດ', 'ອາຫານທ່ຽງ', 'ເຂົ້າ + ໄກ່ຜັດ + ຜັກ', '2026-03-16', '2026-03-14 10:41:04'),
(37, 'ພະຫັດ', 'ອາຫານວ່າງບ່າຍ', 'ນົມ + ຫມາກໄມ້', '2026-03-16', '2026-03-14 10:41:04'),
(38, 'ສຸກ', 'ອາຫານເຊົ້າ', 'ບ່ວຍ + ຂະໜົມ', '2026-03-16', '2026-03-14 10:41:04'),
(39, 'ສຸກ', 'ອາຫານວ່າງເຊົ້າ', 'ໝາກໄມ້ - ໝາກນາວ', '2026-03-16', '2026-03-14 10:41:04'),
(40, 'ສຸກ', 'ອາຫານທ່ຽງ', 'ເຂົ້າ + ຊຸບໄກ່ + ເຂົ້າໜົມ', '2026-03-16', '2026-03-14 10:41:04'),
(41, 'ສຸກ', 'ອາຫານວ່າງບ່າຍ', 'ນ້ຳໝາກໄມ້ + ໝາກໄມ້ສົດ', '2026-03-16', '2026-03-14 10:41:04'),
(43, 'ຈັນ', 'ອາຫານເຊົ້າ', 'dd', '2026-06-15', '2026-06-06 12:34:21'),
(44, 'ອັງຄານ', 'ອາຫານເຊົ້າ', 'ddfd', '2026-06-15', '2026-06-06 12:34:57'),
(45, 'ຈັນ', 'ອາຫານເຊົ້າ', 'ແກງຈືດສາລ່າຍ + ຂົ້ວຜັກລວມມິດ', '2026-06-08', '2026-06-08 14:48:01'),
(46, 'ຈັນ', 'ອາຫານວ່າງເຊົ້າ', 'ໝາກໄມ້ 3 ຢ່າງ  + ນົມ', '2026-06-08', '2026-06-08 14:49:00');

-- --------------------------------------------------------

--
-- Table structure for table `schedule_entries`
--

CREATE TABLE `schedule_entries` (
  `schedule_id` int(11) NOT NULL,
  `class_id` int(11) DEFAULT NULL,
  `teacher_id` int(11) DEFAULT NULL,
  `subject` varchar(150) NOT NULL,
  `day_of_week` enum('Monday','Tuesday','Wednesday','Thursday','Friday','Saturday','Sunday') NOT NULL DEFAULT 'Monday',
  `start_time` time NOT NULL,
  `end_time` time NOT NULL,
  `room` varchar(50) DEFAULT NULL,
  `notes` text DEFAULT NULL,
  `created_at` timestamp NOT NULL DEFAULT current_timestamp()
) ENGINE=InnoDB DEFAULT CHARSET=utf8mb4 COLLATE=utf8mb4_general_ci;

--
-- Dumping data for table `schedule_entries`
--

INSERT INTO `schedule_entries` (`schedule_id`, `class_id`, `teacher_id`, `subject`, `day_of_week`, `start_time`, `end_time`, `room`, `notes`, `created_at`) VALUES
(21, NULL, 11, 'ຫັດອ່ານ+ຫັດກ່າຍ', 'Monday', '08:30:00', '10:00:00', '', NULL, '2026-06-08 09:47:42'),
(22, NULL, 4, 'ພະລະ', 'Monday', '10:30:00', '11:30:00', '', NULL, '2026-06-08 09:47:42'),
(23, NULL, 10, 'E', 'Monday', '13:00:00', '15:30:00', '', NULL, '2026-06-08 09:47:42'),
(24, NULL, 4, 'ຄະນິດສາດ', 'Tuesday', '08:30:00', '10:00:00', '', NULL, '2026-06-08 09:47:42'),
(25, NULL, 5, 'ສິລະປະກຳ', 'Tuesday', '10:30:00', '11:30:00', '', NULL, '2026-06-08 09:47:42'),
(26, NULL, 10, 'E', 'Tuesday', '13:00:00', '15:30:00', '', NULL, '2026-06-08 09:47:42'),
(27, NULL, 4, 'ຫັດອ່ານ+ຫັດແຕ່ງ', 'Wednesday', '08:30:00', '10:00:00', '', NULL, '2026-06-08 09:47:42'),
(28, NULL, 5, 'ຄຸນສົມບັດ', 'Wednesday', '10:30:00', '11:30:00', '', NULL, '2026-06-08 09:47:42'),
(29, NULL, 10, 'E', 'Wednesday', '13:00:00', '15:30:00', '', NULL, '2026-06-08 09:47:42'),
(30, NULL, 4, 'ຄະນິດສາດ', 'Thursday', '08:30:00', '10:00:00', '', NULL, '2026-06-08 09:47:42'),
(31, NULL, 11, 'ວິທະຍາສາດ', 'Thursday', '10:30:00', '11:30:00', '', NULL, '2026-06-08 09:47:42'),
(32, NULL, 10, 'E', 'Thursday', '13:00:00', '15:30:00', '', NULL, '2026-06-08 09:47:42'),
(33, NULL, 11, 'ຫັດອ່ານ+ຮຽນທວາຍ', 'Friday', '08:30:00', '10:00:00', '', NULL, '2026-06-08 09:47:42'),
(34, NULL, 4, 'ຄະນິດສາດ', 'Friday', '10:30:00', '11:30:00', '', NULL, '2026-06-08 09:47:42'),
(35, NULL, 10, 'E', 'Friday', '13:00:00', '15:30:00', '', NULL, '2026-06-08 09:47:42'),
(148, 1, NULL, 'Student\'s book', 'Monday', '08:30:00', '10:00:00', NULL, NULL, '2026-06-10 09:43:42'),
(149, 1, NULL, 'Student\'s book', 'Monday', '10:00:00', '11:30:00', NULL, NULL, '2026-06-10 09:43:42'),
(150, 1, NULL, 'Student\'s book', 'Monday', '13:30:00', '14:45:00', NULL, NULL, '2026-06-10 09:43:42'),
(151, 1, NULL, 'Student\'s book', 'Monday', '14:45:00', '16:00:00', NULL, NULL, '2026-06-10 09:43:42'),
(152, 1, NULL, 'Activity book', 'Tuesday', '08:30:00', '10:00:00', NULL, NULL, '2026-06-10 09:43:42'),
(153, 1, NULL, 'Activity book', 'Tuesday', '10:00:00', '11:30:00', NULL, NULL, '2026-06-10 09:43:42'),
(154, 1, NULL, 'Activity book', 'Tuesday', '13:30:00', '14:45:00', NULL, NULL, '2026-06-10 09:43:42'),
(155, 1, NULL, 'Activity book', 'Tuesday', '14:45:00', '16:00:00', NULL, NULL, '2026-06-10 09:43:42'),
(156, 1, NULL, 'Phonics', 'Wednesday', '08:30:00', '10:00:00', NULL, NULL, '2026-06-10 09:43:42'),
(157, 1, NULL, 'Phonics', 'Wednesday', '10:00:00', '11:30:00', NULL, NULL, '2026-06-10 09:43:42'),
(158, 1, NULL, 'Phonics', 'Wednesday', '13:30:00', '14:45:00', NULL, NULL, '2026-06-10 09:43:42'),
(159, 1, NULL, 'Phonics', 'Wednesday', '14:45:00', '16:00:00', NULL, NULL, '2026-06-10 09:43:42'),
(160, 1, NULL, 'Numeracy', 'Thursday', '08:30:00', '10:00:00', NULL, NULL, '2026-06-10 09:43:42'),
(161, 1, NULL, 'Numeracy', 'Thursday', '10:00:00', '11:30:00', NULL, NULL, '2026-06-10 09:43:42'),
(162, 1, NULL, 'Numeracy', 'Thursday', '13:30:00', '14:45:00', NULL, NULL, '2026-06-10 09:43:42'),
(163, 1, NULL, 'Numeracy', 'Thursday', '14:45:00', '16:00:00', NULL, NULL, '2026-06-10 09:43:42'),
(164, 1, NULL, 'Activity', 'Friday', '08:30:00', '10:00:00', NULL, NULL, '2026-06-10 09:43:42'),
(165, 1, NULL, 'Activity', 'Friday', '10:00:00', '11:30:00', NULL, NULL, '2026-06-10 09:43:42'),
(166, 1, NULL, 'Activity', 'Friday', '13:30:00', '14:45:00', NULL, NULL, '2026-06-10 09:43:42'),
(167, 1, NULL, 'Activity', 'Friday', '14:45:00', '16:00:00', NULL, NULL, '2026-06-10 09:43:42'),
(168, 2, NULL, 'Student\'s book', 'Monday', '08:30:00', '10:00:00', NULL, NULL, '2026-06-10 09:43:42'),
(169, 2, NULL, 'Student\'s book', 'Monday', '10:00:00', '11:30:00', NULL, NULL, '2026-06-10 09:43:42'),
(170, 2, NULL, 'Student\'s book', 'Monday', '13:30:00', '14:45:00', NULL, NULL, '2026-06-10 09:43:42'),
(171, 2, NULL, 'Student\'s book', 'Monday', '14:45:00', '16:00:00', NULL, NULL, '2026-06-10 09:43:42'),
(172, 2, NULL, 'Activity book', 'Tuesday', '08:30:00', '10:00:00', NULL, NULL, '2026-06-10 09:43:42'),
(173, 2, NULL, 'Activity book', 'Tuesday', '10:00:00', '11:30:00', NULL, NULL, '2026-06-10 09:43:42'),
(174, 2, NULL, 'Activity book', 'Tuesday', '13:30:00', '14:45:00', NULL, NULL, '2026-06-10 09:43:42'),
(175, 2, NULL, 'Activity book', 'Tuesday', '14:45:00', '16:00:00', NULL, NULL, '2026-06-10 09:43:42'),
(176, 2, NULL, 'Phonics', 'Wednesday', '08:30:00', '10:00:00', NULL, NULL, '2026-06-10 09:43:42'),
(177, 2, NULL, 'Phonics', 'Wednesday', '10:00:00', '11:30:00', NULL, NULL, '2026-06-10 09:43:42'),
(178, 2, NULL, 'Phonics', 'Wednesday', '13:30:00', '14:45:00', NULL, NULL, '2026-06-10 09:43:42'),
(179, 2, NULL, 'Phonics', 'Wednesday', '14:45:00', '16:00:00', NULL, NULL, '2026-06-10 09:43:42'),
(180, 2, NULL, 'Numeracy', 'Thursday', '08:30:00', '10:00:00', NULL, NULL, '2026-06-10 09:43:42'),
(181, 2, NULL, 'Numeracy', 'Thursday', '10:00:00', '11:30:00', NULL, NULL, '2026-06-10 09:43:42'),
(182, 2, NULL, 'Numeracy', 'Thursday', '13:30:00', '14:45:00', NULL, NULL, '2026-06-10 09:43:42'),
(183, 2, NULL, 'Numeracy', 'Thursday', '14:45:00', '16:00:00', NULL, NULL, '2026-06-10 09:43:42'),
(184, 2, NULL, 'Activity', 'Friday', '08:30:00', '10:00:00', NULL, NULL, '2026-06-10 09:43:42'),
(185, 2, NULL, 'Activity', 'Friday', '10:00:00', '11:30:00', NULL, NULL, '2026-06-10 09:43:42'),
(186, 2, NULL, 'Activity', 'Friday', '13:30:00', '14:45:00', NULL, NULL, '2026-06-10 09:43:42'),
(187, 2, NULL, 'Activity', 'Friday', '14:45:00', '16:00:00', NULL, NULL, '2026-06-10 09:43:42'),
(188, 3, NULL, 'Student\'s book', 'Monday', '08:30:00', '10:00:00', NULL, NULL, '2026-06-10 09:43:42'),
(189, 3, NULL, 'Student\'s book', 'Monday', '10:00:00', '11:30:00', NULL, NULL, '2026-06-10 09:43:42'),
(190, 3, NULL, 'Student\'s book', 'Monday', '13:30:00', '14:45:00', NULL, NULL, '2026-06-10 09:43:42'),
(191, 3, NULL, 'Student\'s book', 'Monday', '14:45:00', '16:00:00', NULL, NULL, '2026-06-10 09:43:42'),
(192, 3, NULL, 'Activity book', 'Tuesday', '08:30:00', '10:00:00', NULL, NULL, '2026-06-10 09:43:42'),
(193, 3, NULL, 'Activity book', 'Tuesday', '10:00:00', '11:30:00', NULL, NULL, '2026-06-10 09:43:42'),
(194, 3, NULL, 'Activity book', 'Tuesday', '13:30:00', '14:45:00', NULL, NULL, '2026-06-10 09:43:42'),
(195, 3, NULL, 'Activity book', 'Tuesday', '14:45:00', '16:00:00', NULL, NULL, '2026-06-10 09:43:42'),
(196, 3, NULL, 'Phonics', 'Wednesday', '08:30:00', '10:00:00', NULL, NULL, '2026-06-10 09:43:42'),
(197, 3, NULL, 'Phonics', 'Wednesday', '10:00:00', '11:30:00', NULL, NULL, '2026-06-10 09:43:42'),
(198, 3, NULL, 'Phonics', 'Wednesday', '13:30:00', '14:45:00', NULL, NULL, '2026-06-10 09:43:42'),
(199, 3, NULL, 'Phonics', 'Wednesday', '14:45:00', '16:00:00', NULL, NULL, '2026-06-10 09:43:42'),
(200, 3, NULL, 'Numeracy', 'Thursday', '08:30:00', '10:00:00', NULL, NULL, '2026-06-10 09:43:42'),
(201, 3, NULL, 'Numeracy', 'Thursday', '10:00:00', '11:30:00', NULL, NULL, '2026-06-10 09:43:42'),
(202, 3, NULL, 'Numeracy', 'Thursday', '13:30:00', '14:45:00', NULL, NULL, '2026-06-10 09:43:42'),
(203, 3, NULL, 'Numeracy', 'Thursday', '14:45:00', '16:00:00', NULL, NULL, '2026-06-10 09:43:42'),
(204, 3, NULL, 'Activity', 'Friday', '08:30:00', '10:00:00', NULL, NULL, '2026-06-10 09:43:42'),
(205, 3, NULL, 'Activity', 'Friday', '10:00:00', '11:30:00', NULL, NULL, '2026-06-10 09:43:42'),
(206, 3, NULL, 'Activity', 'Friday', '13:30:00', '14:45:00', NULL, NULL, '2026-06-10 09:43:42'),
(207, 3, NULL, 'Activity', 'Friday', '14:45:00', '16:00:00', NULL, NULL, '2026-06-10 09:43:42'),
(208, 4, NULL, 'Student\'s book', 'Monday', '08:30:00', '10:00:00', NULL, NULL, '2026-06-10 09:43:42'),
(209, 4, NULL, 'Student\'s book', 'Monday', '10:00:00', '11:30:00', NULL, NULL, '2026-06-10 09:43:42'),
(210, 4, NULL, 'Student\'s book', 'Monday', '13:30:00', '14:45:00', NULL, NULL, '2026-06-10 09:43:42'),
(211, 4, NULL, 'Student\'s book', 'Monday', '14:45:00', '16:00:00', NULL, NULL, '2026-06-10 09:43:42'),
(212, 4, NULL, 'Activity book', 'Tuesday', '08:30:00', '10:00:00', NULL, NULL, '2026-06-10 09:43:42'),
(213, 4, NULL, 'Activity book', 'Tuesday', '10:00:00', '11:30:00', NULL, NULL, '2026-06-10 09:43:42'),
(214, 4, NULL, 'Activity book', 'Tuesday', '13:30:00', '14:45:00', NULL, NULL, '2026-06-10 09:43:42'),
(215, 4, NULL, 'Activity book', 'Tuesday', '14:45:00', '16:00:00', NULL, NULL, '2026-06-10 09:43:42'),
(216, 4, NULL, 'Phonics', 'Wednesday', '08:30:00', '10:00:00', NULL, NULL, '2026-06-10 09:43:42'),
(217, 4, NULL, 'Phonics', 'Wednesday', '10:00:00', '11:30:00', NULL, NULL, '2026-06-10 09:43:42'),
(218, 4, NULL, 'Phonics', 'Wednesday', '13:30:00', '14:45:00', NULL, NULL, '2026-06-10 09:43:42'),
(219, 4, NULL, 'Phonics', 'Wednesday', '14:45:00', '16:00:00', NULL, NULL, '2026-06-10 09:43:42'),
(220, 4, NULL, 'Numeracy', 'Thursday', '08:30:00', '10:00:00', NULL, NULL, '2026-06-10 09:43:42'),
(221, 4, NULL, 'Numeracy', 'Thursday', '10:00:00', '11:30:00', NULL, NULL, '2026-06-10 09:43:42'),
(222, 4, NULL, 'Numeracy', 'Thursday', '13:30:00', '14:45:00', NULL, NULL, '2026-06-10 09:43:42'),
(223, 4, NULL, 'Numeracy', 'Thursday', '14:45:00', '16:00:00', NULL, NULL, '2026-06-10 09:43:42'),
(224, 4, NULL, 'Activity', 'Friday', '08:30:00', '10:00:00', NULL, NULL, '2026-06-10 09:43:42'),
(225, 4, NULL, 'Activity', 'Friday', '10:00:00', '11:30:00', NULL, NULL, '2026-06-10 09:43:42'),
(226, 4, NULL, 'Activity', 'Friday', '13:30:00', '14:45:00', NULL, NULL, '2026-06-10 09:43:42'),
(227, 4, NULL, 'Activity', 'Friday', '14:45:00', '16:00:00', NULL, NULL, '2026-06-10 09:43:42'),
(228, 5, NULL, 'Student\'s book', 'Monday', '08:30:00', '10:00:00', NULL, NULL, '2026-06-10 09:43:42'),
(229, 5, NULL, 'Student\'s book', 'Monday', '10:00:00', '11:30:00', NULL, NULL, '2026-06-10 09:43:42'),
(230, 5, NULL, 'Student\'s book', 'Monday', '13:30:00', '14:45:00', NULL, NULL, '2026-06-10 09:43:42'),
(231, 5, NULL, 'Student\'s book', 'Monday', '14:45:00', '16:00:00', NULL, NULL, '2026-06-10 09:43:42'),
(232, 5, NULL, 'Activity book', 'Tuesday', '08:30:00', '10:00:00', NULL, NULL, '2026-06-10 09:43:42'),
(233, 5, NULL, 'Activity book', 'Tuesday', '10:00:00', '11:30:00', NULL, NULL, '2026-06-10 09:43:42'),
(234, 5, NULL, 'Activity book', 'Tuesday', '13:30:00', '14:45:00', NULL, NULL, '2026-06-10 09:43:42'),
(235, 5, NULL, 'Activity book', 'Tuesday', '14:45:00', '16:00:00', NULL, NULL, '2026-06-10 09:43:42'),
(236, 5, NULL, 'Phonics', 'Wednesday', '08:30:00', '10:00:00', NULL, NULL, '2026-06-10 09:43:42'),
(237, 5, NULL, 'Phonics', 'Wednesday', '10:00:00', '11:30:00', NULL, NULL, '2026-06-10 09:43:42'),
(238, 5, NULL, 'Phonics', 'Wednesday', '13:30:00', '14:45:00', NULL, NULL, '2026-06-10 09:43:42'),
(239, 5, NULL, 'Phonics', 'Wednesday', '14:45:00', '16:00:00', NULL, NULL, '2026-06-10 09:43:42'),
(240, 5, NULL, 'Numeracy', 'Thursday', '08:30:00', '10:00:00', NULL, NULL, '2026-06-10 09:43:42'),
(241, 5, NULL, 'Numeracy', 'Thursday', '10:00:00', '11:30:00', NULL, NULL, '2026-06-10 09:43:42'),
(242, 5, NULL, 'Numeracy', 'Thursday', '13:30:00', '14:45:00', NULL, NULL, '2026-06-10 09:43:42'),
(243, 5, NULL, 'Numeracy', 'Thursday', '14:45:00', '16:00:00', NULL, NULL, '2026-06-10 09:43:42'),
(244, 5, NULL, 'Activity', 'Friday', '08:30:00', '10:00:00', NULL, NULL, '2026-06-10 09:43:42'),
(245, 5, NULL, 'Activity', 'Friday', '10:00:00', '11:30:00', NULL, NULL, '2026-06-10 09:43:42'),
(246, 5, NULL, 'Activity', 'Friday', '13:30:00', '14:45:00', NULL, NULL, '2026-06-10 09:43:42'),
(247, 5, NULL, 'Activity', 'Friday', '14:45:00', '16:00:00', NULL, NULL, '2026-06-10 09:43:42'),
(248, 6, NULL, 'Student\'s book', 'Monday', '08:30:00', '10:00:00', NULL, NULL, '2026-06-10 09:43:42'),
(249, 6, NULL, 'Student\'s book', 'Monday', '10:00:00', '11:30:00', NULL, NULL, '2026-06-10 09:43:42'),
(250, 6, NULL, 'Student\'s book', 'Monday', '13:30:00', '14:45:00', NULL, NULL, '2026-06-10 09:43:42'),
(251, 6, NULL, 'Student\'s book', 'Monday', '14:45:00', '16:00:00', NULL, NULL, '2026-06-10 09:43:42'),
(252, 6, NULL, 'Activity book', 'Tuesday', '08:30:00', '10:00:00', NULL, NULL, '2026-06-10 09:43:42'),
(253, 6, NULL, 'Activity book', 'Tuesday', '10:00:00', '11:30:00', NULL, NULL, '2026-06-10 09:43:43'),
(254, 6, NULL, 'Activity book', 'Tuesday', '13:30:00', '14:45:00', NULL, NULL, '2026-06-10 09:43:43'),
(255, 6, NULL, 'Activity book', 'Tuesday', '14:45:00', '16:00:00', NULL, NULL, '2026-06-10 09:43:43'),
(256, 6, NULL, 'Phonics', 'Wednesday', '08:30:00', '10:00:00', NULL, NULL, '2026-06-10 09:43:43'),
(257, 6, NULL, 'Phonics', 'Wednesday', '10:00:00', '11:30:00', NULL, NULL, '2026-06-10 09:43:43'),
(258, 6, NULL, 'Phonics', 'Wednesday', '13:30:00', '14:45:00', NULL, NULL, '2026-06-10 09:43:43'),
(259, 6, NULL, 'Phonics', 'Wednesday', '14:45:00', '16:00:00', NULL, NULL, '2026-06-10 09:43:43'),
(260, 6, NULL, 'Numeracy', 'Thursday', '08:30:00', '10:00:00', NULL, NULL, '2026-06-10 09:43:43'),
(261, 6, NULL, 'Numeracy', 'Thursday', '10:00:00', '11:30:00', NULL, NULL, '2026-06-10 09:43:43'),
(262, 6, NULL, 'Numeracy', 'Thursday', '13:30:00', '14:45:00', NULL, NULL, '2026-06-10 09:43:43'),
(263, 6, NULL, 'Numeracy', 'Thursday', '14:45:00', '16:00:00', NULL, NULL, '2026-06-10 09:43:43'),
(264, 6, NULL, 'Activity', 'Friday', '08:30:00', '10:00:00', NULL, NULL, '2026-06-10 09:43:43'),
(265, 6, NULL, 'Activity', 'Friday', '10:00:00', '11:30:00', NULL, NULL, '2026-06-10 09:43:43'),
(266, 6, NULL, 'Activity', 'Friday', '13:30:00', '14:45:00', NULL, NULL, '2026-06-10 09:43:43'),
(267, 6, NULL, 'Activity', 'Friday', '14:45:00', '16:00:00', NULL, NULL, '2026-06-10 09:43:43'),
(290, 7, NULL, 'ຫັດອ່ານ+ຫັດກ່າຍ', 'Monday', '08:30:00', '10:00:00', NULL, NULL, '2026-06-10 09:51:18'),
(291, 7, NULL, 'ພະລະ', 'Monday', '10:30:00', '11:30:00', NULL, NULL, '2026-06-10 09:51:18'),
(292, 7, NULL, 'E', 'Monday', '13:00:00', '14:15:00', NULL, NULL, '2026-06-10 09:51:18'),
(293, 7, NULL, 'E', 'Monday', '15:00:00', '15:30:00', NULL, NULL, '2026-06-10 09:51:18'),
(294, 7, NULL, 'ຄະນິດສາດ', 'Tuesday', '08:30:00', '10:00:00', NULL, NULL, '2026-06-10 09:51:18'),
(295, 7, NULL, 'ສິລະປະກຳ', 'Tuesday', '10:30:00', '11:30:00', NULL, NULL, '2026-06-10 09:51:18'),
(296, 7, NULL, 'E', 'Tuesday', '13:00:00', '14:15:00', NULL, NULL, '2026-06-10 09:51:18'),
(297, 7, NULL, 'E', 'Tuesday', '15:00:00', '15:30:00', NULL, NULL, '2026-06-10 09:51:18'),
(298, 7, NULL, 'ຫັດອ່ານ+ຫັດແຕ່ງ', 'Wednesday', '08:30:00', '10:00:00', NULL, NULL, '2026-06-10 09:51:18'),
(299, 7, NULL, 'ຄຸນສົມບັດ', 'Wednesday', '10:30:00', '11:30:00', NULL, NULL, '2026-06-10 09:51:18'),
(300, 7, NULL, 'E', 'Wednesday', '13:00:00', '14:15:00', NULL, NULL, '2026-06-10 09:51:18'),
(301, 7, NULL, 'E', 'Wednesday', '15:00:00', '15:30:00', NULL, NULL, '2026-06-10 09:51:18'),
(302, 7, NULL, 'ຄະນິດສາດ', 'Thursday', '08:30:00', '10:00:00', NULL, NULL, '2026-06-10 09:51:18'),
(303, 7, NULL, 'ວິທະຍາສາດ', 'Thursday', '10:30:00', '11:30:00', NULL, NULL, '2026-06-10 09:51:18'),
(304, 7, NULL, 'E', 'Thursday', '13:00:00', '14:15:00', NULL, NULL, '2026-06-10 09:51:18'),
(305, 7, NULL, 'E', 'Thursday', '15:00:00', '15:30:00', NULL, NULL, '2026-06-10 09:51:18'),
(306, 7, NULL, 'ຫັດອ່ານ+ຮຽນທວາຍ', 'Friday', '08:30:00', '10:00:00', NULL, NULL, '2026-06-10 09:51:19'),
(307, 7, NULL, 'ຄະນິດສາດ', 'Friday', '10:30:00', '11:30:00', NULL, NULL, '2026-06-10 09:51:19'),
(308, 7, NULL, 'E', 'Friday', '13:00:00', '14:15:00', NULL, NULL, '2026-06-10 09:51:19'),
(309, 7, NULL, 'E', 'Friday', '15:00:00', '15:30:00', NULL, NULL, '2026-06-10 09:51:19'),
(310, 8, NULL, 'ຫັດອ່ານ+ຫັດກ່າຍ', 'Monday', '08:30:00', '10:00:00', NULL, NULL, '2026-06-10 09:51:19'),
(311, 8, NULL, 'ສິລະປະກຳ', 'Monday', '10:30:00', '11:30:00', NULL, NULL, '2026-06-10 09:51:19'),
(312, 8, NULL, 'E', 'Monday', '13:00:00', '14:15:00', NULL, NULL, '2026-06-10 09:51:19'),
(313, 8, NULL, 'E', 'Monday', '15:00:00', '15:30:00', NULL, NULL, '2026-06-10 09:51:19'),
(314, 8, NULL, 'ຄະນິດສາດ', 'Tuesday', '08:30:00', '10:00:00', NULL, NULL, '2026-06-10 09:51:19'),
(315, 8, NULL, 'ພະລະ', 'Tuesday', '10:30:00', '11:30:00', NULL, NULL, '2026-06-10 09:51:19'),
(316, 8, NULL, 'E', 'Tuesday', '13:00:00', '14:15:00', NULL, NULL, '2026-06-10 09:51:19'),
(317, 8, NULL, 'E', 'Tuesday', '15:00:00', '15:30:00', NULL, NULL, '2026-06-10 09:51:19'),
(318, 8, NULL, 'ຫັດອ່ານ+ຫັດແຕ່ງ', 'Wednesday', '08:30:00', '10:00:00', NULL, NULL, '2026-06-10 09:51:19'),
(319, 8, NULL, 'ວິທະຍາສາດ', 'Wednesday', '10:30:00', '11:30:00', NULL, NULL, '2026-06-10 09:51:19'),
(320, 8, NULL, 'E', 'Wednesday', '13:00:00', '14:15:00', NULL, NULL, '2026-06-10 09:51:19'),
(321, 8, NULL, 'E', 'Wednesday', '15:00:00', '15:30:00', NULL, NULL, '2026-06-10 09:51:19'),
(322, 8, NULL, 'ຄະນິດສາດ', 'Thursday', '08:30:00', '10:00:00', NULL, NULL, '2026-06-10 09:51:19'),
(323, 8, NULL, 'ຄຸນສົມບັດ', 'Thursday', '10:30:00', '11:30:00', NULL, NULL, '2026-06-10 09:51:19'),
(324, 8, NULL, 'E', 'Thursday', '13:00:00', '14:15:00', NULL, NULL, '2026-06-10 09:51:19'),
(325, 8, NULL, 'E', 'Thursday', '15:00:00', '15:30:00', NULL, NULL, '2026-06-10 09:51:19'),
(326, 8, NULL, 'ຫັດອ່ານ+ຮຽນທວາຍ', 'Friday', '08:30:00', '10:00:00', NULL, NULL, '2026-06-10 09:51:19'),
(327, 8, NULL, 'ຄະນິດສາດ', 'Friday', '10:30:00', '11:30:00', NULL, NULL, '2026-06-10 09:51:19'),
(328, 8, NULL, 'E', 'Friday', '13:00:00', '14:15:00', NULL, NULL, '2026-06-10 09:51:19'),
(329, 8, NULL, 'E', 'Friday', '15:00:00', '15:30:00', NULL, NULL, '2026-06-10 09:51:19'),
(330, 9, NULL, 'ຫັດອ່ານ+ຫັດກ່າຍ', 'Monday', '08:30:00', '10:00:00', NULL, NULL, '2026-06-10 09:51:19'),
(331, 9, NULL, 'ວິທະຍາສາດ', 'Monday', '10:30:00', '11:30:00', NULL, NULL, '2026-06-10 09:51:19'),
(332, 9, NULL, 'E', 'Monday', '13:00:00', '14:15:00', NULL, NULL, '2026-06-10 09:51:19'),
(333, 9, NULL, 'E', 'Monday', '15:00:00', '15:30:00', NULL, NULL, '2026-06-10 09:51:19'),
(334, 9, NULL, 'ຄະນິດສາດ', 'Tuesday', '08:30:00', '10:00:00', NULL, NULL, '2026-06-10 09:51:19'),
(335, 9, NULL, 'ຄຸນສົມບັດ', 'Tuesday', '10:30:00', '11:30:00', NULL, NULL, '2026-06-10 09:51:19'),
(336, 9, NULL, 'E', 'Tuesday', '13:00:00', '14:15:00', NULL, NULL, '2026-06-10 09:51:19'),
(337, 9, NULL, 'E', 'Tuesday', '15:00:00', '15:30:00', NULL, NULL, '2026-06-10 09:51:19'),
(338, 9, NULL, 'ຫັດອ່ານ+ຫັດແຕ່ງ', 'Wednesday', '08:30:00', '10:00:00', NULL, NULL, '2026-06-10 09:51:19'),
(339, 9, NULL, 'ພະລະ', 'Wednesday', '10:30:00', '11:30:00', NULL, NULL, '2026-06-10 09:51:19'),
(340, 9, NULL, 'E', 'Wednesday', '13:00:00', '14:15:00', NULL, NULL, '2026-06-10 09:51:19'),
(341, 9, NULL, 'E', 'Wednesday', '15:00:00', '15:30:00', NULL, NULL, '2026-06-10 09:51:19'),
(342, 9, NULL, 'ຄະນິດສາດ', 'Thursday', '08:30:00', '10:00:00', NULL, NULL, '2026-06-10 09:51:19'),
(343, 9, NULL, 'ສິລະປະກຳ', 'Thursday', '10:30:00', '11:30:00', NULL, NULL, '2026-06-10 09:51:19'),
(344, 9, NULL, 'E', 'Thursday', '13:00:00', '14:15:00', NULL, NULL, '2026-06-10 09:51:19'),
(345, 9, NULL, 'E', 'Thursday', '15:00:00', '15:30:00', NULL, NULL, '2026-06-10 09:51:19'),
(346, 9, NULL, 'ຫັດອ່ານ+ຮຽນທວາຍ', 'Friday', '08:30:00', '10:00:00', NULL, NULL, '2026-06-10 09:51:19'),
(347, 9, NULL, 'ຄະນິດສາດ', 'Friday', '10:30:00', '11:30:00', NULL, NULL, '2026-06-10 09:51:19'),
(348, 9, NULL, 'E', 'Friday', '13:00:00', '14:15:00', NULL, NULL, '2026-06-10 09:51:19'),
(349, 9, NULL, 'E', 'Friday', '15:00:00', '15:30:00', NULL, NULL, '2026-06-10 09:51:19'),
(350, 10, NULL, 'ຫັດອ່ານ', 'Monday', '08:30:00', '09:15:00', NULL, NULL, '2026-06-10 09:51:19'),
(351, 10, NULL, 'ຫັດກ່າຍ', 'Monday', '09:15:00', '10:00:00', NULL, NULL, '2026-06-10 09:51:19'),
(352, 10, NULL, 'ວິທະຍາສາດ', 'Monday', '10:15:00', '11:00:00', NULL, NULL, '2026-06-10 09:51:19'),
(353, 10, NULL, 'ໄວຍາກອນ', 'Monday', '11:00:00', '11:45:00', NULL, NULL, '2026-06-10 09:51:19'),
(354, 10, NULL, 'E', 'Monday', '13:00:00', '14:00:00', NULL, NULL, '2026-06-10 09:51:19'),
(355, 10, NULL, 'E', 'Monday', '14:15:00', '16:00:00', NULL, NULL, '2026-06-10 09:51:19'),
(356, 10, NULL, 'ຄະນິດສາດ', 'Tuesday', '08:30:00', '09:15:00', NULL, NULL, '2026-06-10 09:51:19'),
(357, 10, NULL, 'ຄະນິດສາດ', 'Tuesday', '09:15:00', '10:00:00', NULL, NULL, '2026-06-10 09:51:19'),
(358, 10, NULL, 'ພະລະ', 'Tuesday', '10:15:00', '11:00:00', NULL, NULL, '2026-06-10 09:51:19'),
(359, 10, NULL, 'ຄຸນສົມບັດ', 'Tuesday', '11:00:00', '11:45:00', NULL, NULL, '2026-06-10 09:51:19'),
(360, 10, NULL, 'E', 'Tuesday', '13:00:00', '14:00:00', NULL, NULL, '2026-06-10 09:51:19'),
(361, 10, NULL, 'E', 'Tuesday', '14:15:00', '16:00:00', NULL, NULL, '2026-06-10 09:51:19'),
(362, 10, NULL, 'ຫັດກ່າຍ', 'Wednesday', '08:30:00', '09:15:00', NULL, NULL, '2026-06-10 09:51:19'),
(363, 10, NULL, 'ຮຽນທວາຍ', 'Wednesday', '09:15:00', '10:00:00', NULL, NULL, '2026-06-10 09:51:19'),
(364, 10, NULL, 'ຄະນິດສາດ', 'Wednesday', '10:15:00', '11:00:00', NULL, NULL, '2026-06-10 09:51:19'),
(365, 10, NULL, 'ສິລະປະກຳ', 'Wednesday', '11:00:00', '11:45:00', NULL, NULL, '2026-06-10 09:51:19'),
(366, 10, NULL, 'E', 'Wednesday', '13:00:00', '14:00:00', NULL, NULL, '2026-06-10 09:51:19'),
(367, 10, NULL, 'E', 'Wednesday', '14:15:00', '16:00:00', NULL, NULL, '2026-06-10 09:51:19'),
(368, 10, NULL, 'ຄະນິດສາດ', 'Thursday', '08:30:00', '09:15:00', NULL, NULL, '2026-06-10 09:51:19'),
(369, 10, NULL, 'ຄະນິດສາດ', 'Thursday', '09:15:00', '10:00:00', NULL, NULL, '2026-06-10 09:51:19'),
(370, 10, NULL, 'ຮຽນທວາຍ', 'Thursday', '10:15:00', '11:00:00', NULL, NULL, '2026-06-10 09:51:19'),
(371, 10, NULL, 'ໄວຍາກອນ', 'Thursday', '11:00:00', '11:45:00', NULL, NULL, '2026-06-10 09:51:19'),
(372, 10, NULL, 'E', 'Thursday', '13:00:00', '14:00:00', NULL, NULL, '2026-06-10 09:51:19'),
(373, 10, NULL, 'E', 'Thursday', '14:15:00', '16:00:00', NULL, NULL, '2026-06-10 09:51:19'),
(374, 10, NULL, 'ຫັດແຕ່ງ', 'Friday', '08:30:00', '09:15:00', NULL, NULL, '2026-06-10 09:51:19'),
(375, 10, NULL, 'ຫັດແຕ່ງ', 'Friday', '09:15:00', '10:00:00', NULL, NULL, '2026-06-10 09:51:19'),
(376, 10, NULL, 'ວິທະຍາສາດ', 'Friday', '10:15:00', '11:00:00', NULL, NULL, '2026-06-10 09:51:19'),
(377, 10, NULL, 'ສຳຫຼວດ', 'Friday', '11:00:00', '11:45:00', NULL, NULL, '2026-06-10 09:51:19'),
(378, 10, NULL, 'E', 'Friday', '13:00:00', '14:00:00', NULL, NULL, '2026-06-10 09:51:19'),
(379, 10, NULL, 'E', 'Friday', '14:15:00', '16:00:00', NULL, NULL, '2026-06-10 09:51:19'),
(380, 11, NULL, 'ຫັດອ່ານ', 'Monday', '08:30:00', '09:15:00', NULL, NULL, '2026-06-10 09:51:19'),
(381, 11, NULL, 'ຫັດກ່າຍ', 'Monday', '09:15:00', '10:00:00', NULL, NULL, '2026-06-10 09:51:19'),
(382, 11, NULL, 'ວິທະຍາສາດ', 'Monday', '10:15:00', '11:00:00', NULL, NULL, '2026-06-10 09:51:19'),
(383, 11, NULL, 'ໄວຍາກອນ', 'Monday', '11:00:00', '11:45:00', NULL, NULL, '2026-06-10 09:51:19'),
(384, 11, NULL, 'E', 'Monday', '13:00:00', '14:00:00', NULL, NULL, '2026-06-10 09:51:19'),
(385, 11, NULL, 'E', 'Monday', '14:15:00', '16:00:00', NULL, NULL, '2026-06-10 09:51:19'),
(386, 11, NULL, 'ຄະນິດສາດ', 'Tuesday', '08:30:00', '09:15:00', NULL, NULL, '2026-06-10 09:51:19'),
(387, 11, NULL, 'ຄະນິດສາດ', 'Tuesday', '09:15:00', '10:00:00', NULL, NULL, '2026-06-10 09:51:19'),
(388, 11, NULL, 'ຄຸນສົມບັດ', 'Tuesday', '10:15:00', '11:00:00', NULL, NULL, '2026-06-10 09:51:19'),
(389, 11, NULL, 'ພະລະ', 'Tuesday', '11:00:00', '11:45:00', NULL, NULL, '2026-06-10 09:51:19'),
(390, 11, NULL, 'E', 'Tuesday', '13:00:00', '14:00:00', NULL, NULL, '2026-06-10 09:51:19'),
(391, 11, NULL, 'E', 'Tuesday', '14:15:00', '16:00:00', NULL, NULL, '2026-06-10 09:51:19'),
(392, 11, NULL, 'ຫັດກ່າຍ', 'Wednesday', '08:30:00', '09:15:00', NULL, NULL, '2026-06-10 09:51:19'),
(393, 11, NULL, 'ຮຽນທວາຍ', 'Wednesday', '09:15:00', '10:00:00', NULL, NULL, '2026-06-10 09:51:19'),
(394, 11, NULL, 'ຄະນິດສາດ', 'Wednesday', '10:15:00', '11:00:00', NULL, NULL, '2026-06-10 09:51:19'),
(395, 11, NULL, 'ສິລະປະກຳ', 'Wednesday', '11:00:00', '11:45:00', NULL, NULL, '2026-06-10 09:51:19'),
(396, 11, NULL, 'E', 'Wednesday', '13:00:00', '14:00:00', NULL, NULL, '2026-06-10 09:51:19'),
(397, 11, NULL, 'E', 'Wednesday', '14:15:00', '16:00:00', NULL, NULL, '2026-06-10 09:51:19'),
(398, 11, NULL, 'ຄະນິດສາດ', 'Thursday', '08:30:00', '09:15:00', NULL, NULL, '2026-06-10 09:51:19'),
(399, 11, NULL, 'ຄະນິດສາດ', 'Thursday', '09:15:00', '10:00:00', NULL, NULL, '2026-06-10 09:51:19'),
(400, 11, NULL, 'ໄວຍາກອນ', 'Thursday', '10:15:00', '11:00:00', NULL, NULL, '2026-06-10 09:51:19'),
(401, 11, NULL, 'ຮຽນທວາຍ', 'Thursday', '11:00:00', '11:45:00', NULL, NULL, '2026-06-10 09:51:19'),
(402, 11, NULL, 'E', 'Thursday', '13:00:00', '14:00:00', NULL, NULL, '2026-06-10 09:51:19'),
(403, 11, NULL, 'E', 'Thursday', '14:15:00', '16:00:00', NULL, NULL, '2026-06-10 09:51:19'),
(404, 11, NULL, 'ຫັດແຕ່ງ', 'Friday', '08:30:00', '09:15:00', NULL, NULL, '2026-06-10 09:51:19'),
(405, 11, NULL, 'ຫັດແຕ່ງ', 'Friday', '09:15:00', '10:00:00', NULL, NULL, '2026-06-10 09:51:19'),
(406, 11, NULL, 'ວິທະຍາສາດ', 'Friday', '10:15:00', '11:00:00', NULL, NULL, '2026-06-10 09:51:19'),
(407, 11, NULL, 'ສຳຫຼວດ', 'Friday', '11:00:00', '11:45:00', NULL, NULL, '2026-06-10 09:51:19'),
(408, 11, NULL, 'E', 'Friday', '13:00:00', '14:00:00', NULL, NULL, '2026-06-10 09:51:19'),
(409, 11, NULL, 'E', 'Friday', '14:15:00', '16:00:00', NULL, NULL, '2026-06-10 09:51:19');

-- --------------------------------------------------------

--
-- Table structure for table `settings`
--

CREATE TABLE `settings` (
  `setting_key` varchar(50) NOT NULL,
  `setting_value` text DEFAULT NULL
) ENGINE=InnoDB DEFAULT CHARSET=utf8mb4 COLLATE=utf8mb4_general_ci;

--
-- Dumping data for table `settings`
--

INSERT INTO `settings` (`setting_key`, `setting_value`) VALUES
('academic_status', 'active'),
('academic_year', '2025-2026'),
('address', 'ບ້ານ ໂພນຕ້ອງ ເມືອງ ໄຊທານີ ນະຄອນຫຼວງວຽງຈັນ, ລາວ'),
('email', 'sikamphattana@school.la'),
('license', 'EDU-2024-0120'),
('phone', '020 54561177'),
('principal', 'ທ່ານ ນາງ ພອນສີດາ'),
('school_name_en', 'SIKHAM PHATTHANA SCHOOL'),
('school_name_lo', 'ໂຮງຮຽນ ສີຄຳ ພັດທະນາ'),
('term_end', '2050-06-29'),
('term_start', '2020-06-01'),
('test', 'val'),
('vision', 'ສ້າງເດັກທີ່ມີຄຸນນະພາບ, ມີຄວາມຮູ້ ແລະ ມີທັກສະ ທີ່ຈະພັດທະນາປະເທດຊາດໄປພ້ອມກັນ');

-- --------------------------------------------------------

--
-- Table structure for table `staff`
--

CREATE TABLE `staff` (
  `staff_id` int(11) NOT NULL,
  `user_id` int(11) DEFAULT NULL,
  `full_name_lao` varchar(200) NOT NULL,
  `full_name_eng` varchar(200) DEFAULT NULL,
  `role` varchar(100) NOT NULL COMMENT 'e.g. ຄູສອນ, ຜູ້ອຳນວຍການ, ພະນັກງານ',
  `department` varchar(100) DEFAULT NULL,
  `phone` varchar(30) DEFAULT NULL,
  `email` varchar(100) DEFAULT NULL,
  `gender` enum('ຊາຍ','ຍິງ','ອື່ນໆ') DEFAULT 'ຊາຍ',
  `date_of_birth` date DEFAULT NULL,
  `hire_date` date DEFAULT NULL,
  `profile_picture` varchar(255) DEFAULT '',
  `status` enum('active','inactive') DEFAULT 'active',
  `created_at` timestamp NOT NULL DEFAULT current_timestamp()
) ENGINE=InnoDB DEFAULT CHARSET=utf8mb4 COLLATE=utf8mb4_unicode_ci;

--
-- Dumping data for table `staff`
--

INSERT INTO `staff` (`staff_id`, `user_id`, `full_name_lao`, `full_name_eng`, `role`, `department`, `phone`, `email`, `gender`, `date_of_birth`, `hire_date`, `profile_picture`, `status`, `created_at`) VALUES
(1, NULL, 'ທ່ານ ນາງ ດາ ສຸລິຍະວົງ', 'Mrs. Da Souriyavong', 'ຫ້ອງອຳນວຍການ', 'ບໍລິຫານ', '020 55 100 001', '', 'ຊາຍ', NULL, '2015-01-01', '', 'active', '2026-03-14 08:58:54'),
(2, NULL, 'ທ່ານ ນາງ ນ້ຳຝົນ ພົມມາ', 'Mrs. Namfon Phomma', 'ຄູສອນ', 'ອະນຸບານ', '020 55 100 002', NULL, 'ຍິງ', NULL, '2018-06-01', '', 'active', '2026-03-14 08:58:54'),
(3, NULL, 'ທ່ານ ນາງ ມາລາ ສີວິໄລ', 'Mrs. Mala Sivilai', 'ຄູສອນ', 'ອະນຸບານ', '020 55 100 003', NULL, 'ຍິງ', NULL, '2019-08-01', '', 'active', '2026-03-14 08:58:54'),
(4, NULL, 'ທ່ານ ສົມໄຊ ໄຊຍະວົງ', 'Mr. Somsai Xaiyavong', 'ຄູສອນ', 'ປະຖົມ', '020 55 100 004', NULL, 'ຊາຍ', NULL, '2017-01-01', '', 'active', '2026-03-14 08:58:54'),
(5, NULL, 'ທ່ານ ນາງ ອ່ອນ ດວງທິບ', 'Mrs. On Duangthip', 'ຄູສອນ', 'ປະຖົມ', '020 55 100 005', NULL, 'ຍິງ', NULL, '2020-01-01', '', 'active', '2026-03-14 08:58:54'),
(6, NULL, 'ທ່ານ ວິໄລ ເພັດດາລາ', 'Mr. Vilai Phetdala', 'ພະນັກງານ', 'ທົ່ວໄປ', '020 55 100 006', NULL, 'ຊາຍ', NULL, '2021-03-01', '', 'active', '2026-03-14 08:58:54'),
(7, NULL, 'ທ່ານ ນາງ ດາ ສຸລິຍະວົງ', 'Mrs. Da Souriyavong', 'ຜູ້ອຳນວຍການ', 'ບໍລິຫານ', '020 55 100 001', NULL, 'ຍິງ', NULL, '2015-01-01', '', 'active', '2026-03-14 10:41:04'),
(8, NULL, 'ທ່ານ ນາງ ນ້ຳຝົນ ພົມມາ', 'Mrs. Namfon Phomma', 'ຄູສອນ', 'ອະນຸບານ', '020 55 100 002', NULL, 'ຍິງ', NULL, '2018-06-01', '', 'active', '2026-03-14 10:41:04'),
(9, NULL, 'ທ່ານ ນາງ ມາລາ ສີວິໄລ', 'Mrs. Mala Sivilai', 'ຄູສອນ', 'ອະນຸບານ', '020 55 100 003', '', 'ຍິງ', NULL, '2019-08-01', 'assets/uploads/staff/staff_c1232077cff0b665.png', 'active', '2026-03-14 10:41:04'),
(10, NULL, 'ທ່ານ ສົມໄຊ ໄຊຍະວົງ', 'Mr. Somsai Xaiyavong', 'ຄູສອນ', 'ປະຖົມ', '020 55 100 004', '', 'ຊາຍ', NULL, '2017-01-01', 'assets/uploads/staff/staff_7c870b5063090449.png', 'active', '2026-03-14 10:41:04'),
(11, NULL, 'ທ່ານ ນາງ ອ່ອນ ດວງທິບ', 'Mrs. On Duangthip', 'ຄູສອນ', 'ປະຖົມ', '020 55 100 005', '', 'ຍິງ', NULL, '2020-01-01', 'assets/uploads/staff/staff_adc0e9ccdc73d19b.jpg', 'active', '2026-03-14 10:41:04'),
(12, NULL, 'ທ່ານ ວິໄລ ເພັດດາລາ', 'Mr. Vilai Phetdala', 'ພະນັກງານ', 'ທົ່ວໄປ', '020 55 100 006', '', 'ຊາຍ', NULL, '2021-03-01', 'assets/uploads/staff/staff_9a77bb458f842a52.jpg', 'active', '2026-03-14 10:41:04');

-- --------------------------------------------------------

--
-- Table structure for table `students`
--

CREATE TABLE `students` (
  `student_id` int(11) NOT NULL,
  `student_code` varchar(20) NOT NULL,
  `full_name_lao` varchar(200) NOT NULL,
  `full_name_eng` varchar(200) DEFAULT NULL,
  `gender` enum('ຊາຍ','ຍິງ') NOT NULL,
  `date_of_birth` date DEFAULT NULL,
  `class_id` int(11) DEFAULT NULL,
  `parent_name` varchar(200) DEFAULT NULL,
  `parent_phone` varchar(30) DEFAULT NULL,
  `address` text DEFAULT NULL,
  `profile_picture` varchar(255) DEFAULT '',
  `enrollment_date` date DEFAULT NULL,
  `status` enum('ກຳລັງຮຽນ','ພັກການຮຽນ','ຮຽນຈົບ') DEFAULT 'ກຳລັງຮຽນ',
  `created_at` timestamp NOT NULL DEFAULT current_timestamp()
) ENGINE=InnoDB DEFAULT CHARSET=utf8mb4 COLLATE=utf8mb4_unicode_ci;

--
-- Dumping data for table `students`
--

INSERT INTO `students` (`student_id`, `student_code`, `full_name_lao`, `full_name_eng`, `gender`, `date_of_birth`, `class_id`, `parent_name`, `parent_phone`, `address`, `profile_picture`, `enrollment_date`, `status`, `created_at`) VALUES
(1, 'ST-0001', 'ດາວ ສຸລິຍະ', 'Dao Souriya', 'ຍິງ', '2019-05-10', 1, 'ທ່ານ ນາງ ສາ ສຸລິຍະ', '020 77 100 001', NULL, '', '2024-06-01', 'ກຳລັງຮຽນ', '2026-03-14 08:58:54'),
(2, 'ST-0002', 'ດວງ ພົມມາ', 'Duang Phomma', 'ຊາຍ', '2018-11-20', 2, 'ທ່ານ ນາງ ໜ້ອຍ ພົມມາ', '020 77 100 002', NULL, '', '2024-06-01', 'ກຳລັງຮຽນ', '2026-03-14 08:58:54'),
(3, 'ST-0003', 'ນ້ຳ ສີວິໄລ', 'Nam Sivilai', 'ຍິງ', '2017-03-15', 4, 'ທ່ານ ສົມ ສີວິໄລ', '020 77 100 003', NULL, '', '2024-06-01', 'ກຳລັງຮຽນ', '2026-03-14 08:58:54'),
(4, 'ST-0004', 'ກ້ອງ ໄຊຍະ', 'Gong Xaiya', 'ຊາຍ', '2016-09-05', 7, 'ທ່ານ ນາງ ຄຳ ໄຊຍະ', '020 77 100 004', NULL, '', '2024-06-01', 'ກຳລັງຮຽນ', '2026-03-14 08:58:54'),
(5, 'ST-0005', 'ຝົນ ເພັດດາລາ', 'Fon Phetdala', 'ຍິງ', '2015-07-22', 8, 'ທ່ານ ວ ເພັດດາລາ', '020 77 100 005', NULL, '', '2024-06-01', 'ກຳລັງຮຽນ', '2026-03-14 08:58:54'),
(6, 'ST-0006', 'ບຸນ ດວງທິບ', 'Boun Duangthip', 'ຊາຍ', '2015-12-01', 9, 'ທ່ານ ນາງ ອ ດວງທິບ', '020 77 100 006', NULL, '', '2024-06-01', 'ກຳລັງຮຽນ', '2026-03-14 08:58:54'),
(13, 'ST-0013', 'ທ້າວ ຄອນເເສງຈັນ', 'Mr. khonsengchan', 'ຊາຍ', '2004-05-05', 11, 'ທ່ານ ຊຽງລຽນທອງ', '020 77 100 006', '0', '', '2026-03-14', 'ກຳລັງຮຽນ', '2026-03-14 11:07:47'),
(14, 'ST-0014', 'ນາງ ບຸນມີ', 'Miss Bounmee', 'ຍິງ', '2015-09-16', 6, 'ທ້າວ ແສງ', '020 98768789', '0', '', '2026-05-12', 'ກຳລັງຮຽນ', '2026-05-12 12:35:36'),
(19, 'ST-0019', 'ທ້າວ ຄອນເເສງຈັນ', 'Mr. khonsengchan', 'ຍິງ', '2004-05-05', 4, '0', '6785647535', '', '', '2026-05-20', 'ກຳລັງຮຽນ', '2026-05-20 14:18:21'),
(20, 'ST-0020', 'top', 'top', 'ຊາຍ', '2026-05-22', 11, 'keokk', '98765456879', '', '', '2026-05-22', 'ກຳລັງຮຽນ', '2026-05-22 13:26:32'),
(22, 'ST-0022', 'ຄຳປານ', 'Khamphan', 'ຍິງ', '2026-05-22', 3, 'NO NOKK', '020 77 100 003', '', 'assets/uploads/students/student_8fbe31bd302b70a8.webp', '2026-05-22', 'ກຳລັງຮຽນ', '2026-05-22 13:29:08'),
(23, 'ST-0023', 'ທ. ຄຳພູ', 'Mr khamphu', 'ຊາຍ', '2024-06-05', 7, 'ນ. ຈັນທາ ທະວົງ', '020 55 100 034', 'ບ ຊຳເໜືອ ເມືອງ ຊຳເໜືອ ເເຂວງ ຫົວພັນ', 'assets/uploads/students/student_d43be559c32dd87c.webp', '2026-06-04', 'ກຳລັງຮຽນ', '2026-06-04 11:57:04'),
(24, 'ST-0024', 'ນາງ ຄຳພາ ສິຕະນາກ', 'miss khampha sitanak', 'ຍິງ', '2005-02-09', 7, 'ທ. ຄຳດິ ສິຕະນາກ', '020 97583737', 'ບ້ານ ຄຳດີ ເມືອງ ວັງວຽງ ເເຂວງ ວຽງຈັນ', 'assets/uploads/students/student_dca965647f52f17d.webp', '2026-06-12', 'ກຳລັງຮຽນ', '2026-06-12 12:44:21'),
(25, 'ST-0025', 'ຄຳໄຊ ພົມມະຈັນ', 'Khamxay Phommachanh', 'ຍິງ', '2019-08-25', 1, 'ຜູ້ປົກຄອງຂອງ ຄຳໄຊ', '02071779641', NULL, '', NULL, 'ກຳລັງຮຽນ', '2026-06-12 15:27:19'),
(26, 'ST-0026', 'ວິໄລວັນ ວົງພະຈັນ', 'Vilaivan Vongphachanh', 'ຍິງ', '2017-12-05', 1, 'ຜູ້ປົກຄອງຂອງ ວິໄລວັນ', '02079267799', NULL, '', NULL, 'ກຳລັງຮຽນ', '2026-06-12 15:27:19'),
(27, 'ST-0027', 'ມະນີວັນ ແກ້ວມະນີ', 'Maneevan Keomany', 'ຍິງ', '2018-02-24', 1, 'ຜູ້ປົກຄອງຂອງ ມະນີວັນ', '02085074628', NULL, '', NULL, 'ກຳລັງຮຽນ', '2026-06-12 15:27:19'),
(28, 'ST-0028', 'ສົມພອນ ທຳມະວົງ', 'Somphon Thammavong', 'ຍິງ', '2016-01-13', 1, 'ຜູ້ປົກຄອງຂອງ ສົມພອນ', '02083852716', NULL, '', NULL, 'ກຳລັງຮຽນ', '2026-06-12 15:27:19'),
(29, 'ST-0029', 'ຄຳໄຊ ໄຊຍະວົງ', 'Khamxay Xayavong', 'ຊາຍ', '2016-02-23', 1, 'ຜູ້ປົກຄອງຂອງ ຄຳໄຊ', '02046874385', NULL, '', NULL, 'ກຳລັງຮຽນ', '2026-06-12 15:27:19'),
(30, 'ST-0030', 'ຄຳໄຊ ພົມມະຈັນ', 'Khamxay Phommachanh', 'ຍິງ', '2018-02-03', 1, 'ຜູ້ປົກຄອງຂອງ ຄຳໄຊ', '02066071818', NULL, '', NULL, 'ກຳລັງຮຽນ', '2026-06-12 15:27:19'),
(31, 'ST-0031', 'ວິໄລວັນ ທຳມະວົງ', 'Vilaivan Thammavong', 'ຍິງ', '2017-11-19', 1, 'ຜູ້ປົກຄອງຂອງ ວິໄລວັນ', '02029223225', NULL, '', NULL, 'ກຳລັງຮຽນ', '2026-06-12 15:27:19'),
(32, 'ST-0032', 'ອານຸສອນ ຈັນທະວົງ', 'Anouson Chanthavong', 'ຍິງ', '2017-03-03', 1, 'ຜູ້ປົກຄອງຂອງ ອານຸສອນ', '02095015065', NULL, '', NULL, 'ກຳລັງຮຽນ', '2026-06-12 15:27:19'),
(33, 'ST-0033', 'ສົມພອນ ສີຫາລາດ', 'Somphon Sihalath', 'ຍິງ', '2017-11-19', 1, 'ຜູ້ປົກຄອງຂອງ ສົມພອນ', '02078015741', NULL, '', NULL, 'ກຳລັງຮຽນ', '2026-06-12 15:27:19'),
(34, 'ST-0034', 'ພູວົງ ດາລາວົງ', 'Phouvong Dalavong', 'ຊາຍ', '2018-09-03', 1, 'ຜູ້ປົກຄອງຂອງ ພູວົງ', '02036248034', NULL, '', NULL, 'ກຳລັງຮຽນ', '2026-06-12 15:27:19'),
(35, 'ST-0035', 'ສົມພອນ ຈັນທະວົງ', 'Somphon Chanthavong', 'ຊາຍ', '2018-08-28', 2, 'ຜູ້ປົກຄອງຂອງ ສົມພອນ', '02094309045', NULL, '', NULL, 'ກຳລັງຮຽນ', '2026-06-12 15:27:19'),
(36, 'ST-0036', 'ຄຳແພງ ພົມມະຈັນ', 'Khampheng Phommachanh', 'ຊາຍ', '2020-08-27', 2, 'ຜູ້ປົກຄອງຂອງ ຄຳແພງ', '02046562284', NULL, '', NULL, 'ກຳລັງຮຽນ', '2026-06-12 15:27:19'),
(37, 'ST-0037', 'ພູວົງ ດາລາວົງ', 'Phouvong Dalavong', 'ຊາຍ', '2018-07-18', 2, 'ຜູ້ປົກຄອງຂອງ ພູວົງ', '02063832439', NULL, '', NULL, 'ກຳລັງຮຽນ', '2026-06-12 15:27:19'),
(38, 'ST-0038', 'ບຸນມີ ສຸວັນນະວົງ', 'Bounmee Souvannavong', 'ຍິງ', '2018-06-04', 2, 'ຜູ້ປົກຄອງຂອງ ບຸນມີ', '02096598682', NULL, '', NULL, 'ກຳລັງຮຽນ', '2026-06-12 15:27:19'),
(39, 'ST-0039', 'ຄຳແພງ ແກ້ວມະນີ', 'Khampheng Keomany', 'ຊາຍ', '2019-11-21', 2, 'ຜູ້ປົກຄອງຂອງ ຄຳແພງ', '02088661974', NULL, '', NULL, 'ກຳລັງຮຽນ', '2026-06-12 15:27:19'),
(40, 'ST-0040', 'ແສງດາວ ສີຫາລາດ', 'Sengdao Sihalath', 'ຊາຍ', '2020-03-05', 2, 'ຜູ້ປົກຄອງຂອງ ແສງດາວ', '02063117399', NULL, '', NULL, 'ກຳລັງຮຽນ', '2026-06-12 15:27:19'),
(41, 'ST-0041', 'ສົມພອນ ສຸວັນນະວົງ', 'Somphon Souvannavong', 'ຊາຍ', '2016-04-26', 2, 'ຜູ້ປົກຄອງຂອງ ສົມພອນ', '02085485362', NULL, '', NULL, 'ກຳລັງຮຽນ', '2026-06-12 15:27:19'),
(42, 'ST-0042', 'ສຸພັດຕາ ແກ້ວມະນີ', 'Souphatta Keomany', 'ຊາຍ', '2016-01-26', 2, 'ຜູ້ປົກຄອງຂອງ ສຸພັດຕາ', '02082658298', NULL, '', NULL, 'ກຳລັງຮຽນ', '2026-06-12 15:27:19'),
(43, 'ST-0043', 'ຄຳໄຊ ຈັນທະວົງ', 'Khamxay Chanthavong', 'ຊາຍ', '2018-06-11', 2, 'ຜູ້ປົກຄອງຂອງ ຄຳໄຊ', '02058967329', NULL, '', NULL, 'ກຳລັງຮຽນ', '2026-06-12 15:27:19'),
(44, 'ST-0044', 'ຈັນທະພອນ ແກ້ວມະນີ', 'Chanthaphon Keomany', 'ຊາຍ', '2019-03-09', 2, 'ຜູ້ປົກຄອງຂອງ ຈັນທະພອນ', '02022600506', NULL, '', NULL, 'ກຳລັງຮຽນ', '2026-06-12 15:27:19'),
(45, 'ST-0045', 'ສົມພອນ ແກ້ວມະນີ', 'Somphon Keomany', 'ຍິງ', '2016-01-07', 3, 'ຜູ້ປົກຄອງຂອງ ສົມພອນ', '02068186061', NULL, '', NULL, 'ກຳລັງຮຽນ', '2026-06-12 15:27:19'),
(46, 'ST-0046', 'ພູວົງ ວົງພະຈັນ', 'Phouvong Vongphachanh', 'ຊາຍ', '2016-02-12', 3, 'ຜູ້ປົກຄອງຂອງ ພູວົງ', '02099477638', NULL, '', NULL, 'ກຳລັງຮຽນ', '2026-06-12 15:27:19'),
(47, 'ST-0047', 'ສຸພັດຕາ ແກ້ວມະນີ', 'Souphatta Keomany', 'ຊາຍ', '2017-01-04', 3, 'ຜູ້ປົກຄອງຂອງ ສຸພັດຕາ', '02079475053', NULL, '', NULL, 'ກຳລັງຮຽນ', '2026-06-12 15:27:19'),
(48, 'ST-0048', 'ຈັນທະພອນ ສຸວັນນະວົງ', 'Chanthaphon Souvannavong', 'ຊາຍ', '2020-03-22', 3, 'ຜູ້ປົກຄອງຂອງ ຈັນທະພອນ', '02087361027', NULL, '', NULL, 'ກຳລັງຮຽນ', '2026-06-12 15:27:19'),
(49, 'ST-0049', 'ອານຸສອນ ທຳມະວົງ', 'Anouson Thammavong', 'ຊາຍ', '2020-07-21', 3, 'ຜູ້ປົກຄອງຂອງ ອານຸສອນ', '02046230708', NULL, '', NULL, 'ກຳລັງຮຽນ', '2026-06-12 15:27:19'),
(50, 'ST-0050', 'ພູວົງ ດາລາວົງ', 'Phouvong Dalavong', 'ຊາຍ', '2016-12-28', 3, 'ຜູ້ປົກຄອງຂອງ ພູວົງ', '02066837538', NULL, '', NULL, 'ກຳລັງຮຽນ', '2026-06-12 15:27:19'),
(51, 'ST-0051', 'ສຸກສາຄອນ ສີຫາລາດ', 'Suksakhon Sihalath', 'ຍິງ', '2020-06-23', 3, 'ຜູ້ປົກຄອງຂອງ ສຸກສາຄອນ', '02074836691', NULL, '', NULL, 'ກຳລັງຮຽນ', '2026-06-12 15:27:19'),
(52, 'ST-0052', 'ສຸກສາຄອນ ຈັນທະວົງ', 'Suksakhon Chanthavong', 'ຍິງ', '2018-04-26', 3, 'ຜູ້ປົກຄອງຂອງ ສຸກສາຄອນ', '02054707890', NULL, '', NULL, 'ກຳລັງຮຽນ', '2026-06-12 15:27:19'),
(53, 'ST-0053', 'ແສງດາວ ສີຫາລາດ', 'Sengdao Sihalath', 'ຊາຍ', '2016-09-25', 3, 'ຜູ້ປົກຄອງຂອງ ແສງດາວ', '02075842151', NULL, '', NULL, 'ກຳລັງຮຽນ', '2026-06-12 15:27:19'),
(54, 'ST-0054', 'ທອງໃບ ວົງພະຈັນ', 'Thongbai Vongphachanh', 'ຍິງ', '2018-05-13', 3, 'ຜູ້ປົກຄອງຂອງ ທອງໃບ', '02093723530', NULL, '', NULL, 'ກຳລັງຮຽນ', '2026-06-12 15:27:19'),
(55, 'ST-0055', 'ທອງໃບ ແກ້ວມະນີ', 'Thongbai Keomany', 'ຊາຍ', '2017-03-16', 4, 'ຜູ້ປົກຄອງຂອງ ທອງໃບ', '02069610001', NULL, '', NULL, 'ກຳລັງຮຽນ', '2026-06-12 15:27:19'),
(56, 'ST-0056', 'ພູວົງ ພົມມະຈັນ', 'Phouvong Phommachanh', 'ຊາຍ', '2020-08-12', 4, 'ຜູ້ປົກຄອງຂອງ ພູວົງ', '02055291895', NULL, '', NULL, 'ກຳລັງຮຽນ', '2026-06-12 15:27:19'),
(57, 'ST-0057', 'ບຸນທະວີ ທຳມະວົງ', 'Bounthavee Thammavong', 'ຊາຍ', '2018-04-11', 4, 'ຜູ້ປົກຄອງຂອງ ບຸນທະວີ', '02095494614', NULL, '', NULL, 'ກຳລັງຮຽນ', '2026-06-12 15:27:19'),
(58, 'ST-0058', 'ວິໄລວັນ ສຸວັນນະວົງ', 'Vilaivan Souvannavong', 'ຍິງ', '2018-04-09', 4, 'ຜູ້ປົກຄອງຂອງ ວິໄລວັນ', '02091172731', NULL, '', NULL, 'ກຳລັງຮຽນ', '2026-06-12 15:27:19'),
(59, 'ST-0059', 'ພູວົງ ທຳມະວົງ', 'Phouvong Thammavong', 'ຊາຍ', '2019-12-06', 4, 'ຜູ້ປົກຄອງຂອງ ພູວົງ', '02043155980', NULL, '', NULL, 'ກຳລັງຮຽນ', '2026-06-12 15:27:19'),
(60, 'ST-0060', 'ຄຳແພງ ສີວິໄລ', 'Khampheng Sivilay', 'ຍິງ', '2017-10-24', 4, 'ຜູ້ປົກຄອງຂອງ ຄຳແພງ', '02093233761', NULL, '', NULL, 'ກຳລັງຮຽນ', '2026-06-12 15:27:19'),
(61, 'ST-0061', 'ແສງດາວ ສີຫາລາດ', 'Sengdao Sihalath', 'ຍິງ', '2019-08-26', 4, 'ຜູ້ປົກຄອງຂອງ ແສງດາວ', '02038310102', NULL, '', NULL, 'ກຳລັງຮຽນ', '2026-06-12 15:27:19'),
(62, 'ST-0062', 'ສົມພອນ ແກ້ວມະນີ', 'Somphon Keomany', 'ຍິງ', '2019-12-09', 4, 'ຜູ້ປົກຄອງຂອງ ສົມພອນ', '02042656034', NULL, '', NULL, 'ກຳລັງຮຽນ', '2026-06-12 15:27:19'),
(63, 'ST-0063', 'ພູວົງ ສີຫາລາດ', 'Phouvong Sihalath', 'ຊາຍ', '2018-05-05', 4, 'ຜູ້ປົກຄອງຂອງ ພູວົງ', '02035150556', NULL, '', NULL, 'ກຳລັງຮຽນ', '2026-06-12 15:27:19'),
(64, 'ST-0064', 'ທອງໃບ ສີຫາລາດ', 'Thongbai Sihalath', 'ຊາຍ', '2016-05-01', 4, 'ຜູ້ປົກຄອງຂອງ ທອງໃບ', '02051663975', NULL, '', NULL, 'ກຳລັງຮຽນ', '2026-06-12 15:27:19'),
(65, 'ST-0065', 'ສຸກສາຄອນ ແກ້ວມະນີ', 'Suksakhon Keomany', 'ຍິງ', '2020-06-09', 5, 'ຜູ້ປົກຄອງຂອງ ສຸກສາຄອນ', '02048329741', NULL, '', NULL, 'ກຳລັງຮຽນ', '2026-06-12 15:27:19'),
(66, 'ST-0066', 'ວິໄລວັນ ວົງພະຈັນ', 'Vilaivan Vongphachanh', 'ຍິງ', '2020-02-09', 5, 'ຜູ້ປົກຄອງຂອງ ວິໄລວັນ', '02056831004', NULL, '', NULL, 'ກຳລັງຮຽນ', '2026-06-12 15:27:19'),
(67, 'ST-0067', 'ສຸກສາຄອນ ວົງພະຈັນ', 'Suksakhon Vongphachanh', 'ຍິງ', '2020-04-20', 5, 'ຜູ້ປົກຄອງຂອງ ສຸກສາຄອນ', '02028996916', NULL, '', NULL, 'ກຳລັງຮຽນ', '2026-06-12 15:27:19'),
(68, 'ST-0068', 'ທອງໃບ ແກ້ວມະນີ', 'Thongbai Keomany', 'ຊາຍ', '2017-02-17', 5, 'ຜູ້ປົກຄອງຂອງ ທອງໃບ', '02052637044', NULL, '', NULL, 'ກຳລັງຮຽນ', '2026-06-12 15:27:19'),
(69, 'ST-0069', 'ຄຳແພງ ສຸວັນນະວົງ', 'Khampheng Souvannavong', 'ຍິງ', '2018-12-09', 5, 'ຜູ້ປົກຄອງຂອງ ຄຳແພງ', '02089295517', NULL, '', NULL, 'ກຳລັງຮຽນ', '2026-06-12 15:27:19'),
(70, 'ST-0070', 'ບຸນທະວີ ໄຊຍະວົງ', 'Bounthavee Xayavong', 'ຊາຍ', '2020-11-01', 5, 'ຜູ້ປົກຄອງຂອງ ບຸນທະວີ', '02034483321', NULL, '', NULL, 'ກຳລັງຮຽນ', '2026-06-12 15:27:19'),
(71, 'ST-0071', 'ອານຸສອນ ໄຊຍະວົງ', 'Anouson Xayavong', 'ຊາຍ', '2016-05-09', 5, 'ຜູ້ປົກຄອງຂອງ ອານຸສອນ', '02021067824', NULL, '', NULL, 'ກຳລັງຮຽນ', '2026-06-12 15:27:19'),
(72, 'ST-0072', 'ສົມພອນ ພົມມະຈັນ', 'Somphon Phommachanh', 'ຊາຍ', '2016-11-17', 5, 'ຜູ້ປົກຄອງຂອງ ສົມພອນ', '02038196939', NULL, '', NULL, 'ກຳລັງຮຽນ', '2026-06-12 15:27:19'),
(73, 'ST-0073', 'ບຸນມີ ພົມມະຈັນ', 'Bounmee Phommachanh', 'ຊາຍ', '2016-08-03', 5, 'ຜູ້ປົກຄອງຂອງ ບຸນມີ', '02073187558', NULL, '', NULL, 'ກຳລັງຮຽນ', '2026-06-12 15:27:19'),
(74, 'ST-0074', 'ອານຸສອນ ສີວິໄລ', 'Anouson Sivilay', 'ຍິງ', '2019-07-22', 5, 'ຜູ້ປົກຄອງຂອງ ອານຸສອນ', '02071311502', NULL, '', NULL, 'ກຳລັງຮຽນ', '2026-06-12 15:27:19'),
(75, 'ST-0075', 'ແສງດາວ ທຳມະວົງ', 'Sengdao Thammavong', 'ຊາຍ', '2018-05-26', 6, 'ຜູ້ປົກຄອງຂອງ ແສງດາວ', '02035159373', NULL, '', NULL, 'ກຳລັງຮຽນ', '2026-06-12 15:27:19'),
(76, 'ST-0076', 'ບຸນມີ ສີວິໄລ', 'Bounmee Sivilay', 'ຍິງ', '2019-11-04', 6, 'ຜູ້ປົກຄອງຂອງ ບຸນມີ', '02025106372', NULL, '', NULL, 'ກຳລັງຮຽນ', '2026-06-12 15:27:19'),
(77, 'ST-0077', 'ບຸນທະວີ ແກ້ວມະນີ', 'Bounthavee Keomany', 'ຍິງ', '2019-07-19', 6, 'ຜູ້ປົກຄອງຂອງ ບຸນທະວີ', '02024246275', NULL, '', NULL, 'ກຳລັງຮຽນ', '2026-06-12 15:27:19'),
(78, 'ST-0078', 'ສົມພອນ ດາລາວົງ', 'Somphon Dalavong', 'ຍິງ', '2020-07-09', 6, 'ຜູ້ປົກຄອງຂອງ ສົມພອນ', '02049975856', NULL, '', NULL, 'ກຳລັງຮຽນ', '2026-06-12 15:27:19'),
(79, 'ST-0079', 'ແສງດາວ ດາລາວົງ', 'Sengdao Dalavong', 'ຊາຍ', '2018-07-16', 6, 'ຜູ້ປົກຄອງຂອງ ແສງດາວ', '02048393395', NULL, '', NULL, 'ກຳລັງຮຽນ', '2026-06-12 15:27:19'),
(80, 'ST-0080', 'ບຸນມີ ສີຫາລາດ', 'Bounmee Sihalath', 'ຊາຍ', '2016-07-06', 6, 'ຜູ້ປົກຄອງຂອງ ບຸນມີ', '02026306461', NULL, '', NULL, 'ກຳລັງຮຽນ', '2026-06-12 15:27:19'),
(81, 'ST-0081', 'ອານຸສອນ ວົງພະຈັນ', 'Anouson Vongphachanh', 'ຊາຍ', '2017-01-15', 6, 'ຜູ້ປົກຄອງຂອງ ອານຸສອນ', '02023624679', NULL, '', NULL, 'ກຳລັງຮຽນ', '2026-06-12 15:27:19'),
(82, 'ST-0082', 'ຈັນທະພອນ ທຳມະວົງ', 'Chanthaphon Thammavong', 'ຍິງ', '2020-12-16', 6, 'ຜູ້ປົກຄອງຂອງ ຈັນທະພອນ', '02088697990', NULL, '', NULL, 'ກຳລັງຮຽນ', '2026-06-12 15:27:19'),
(83, 'ST-0083', 'ອານຸສອນ ທຳມະວົງ', 'Anouson Thammavong', 'ຍິງ', '2020-06-26', 6, 'ຜູ້ປົກຄອງຂອງ ອານຸສອນ', '02037623582', NULL, '', NULL, 'ກຳລັງຮຽນ', '2026-06-12 15:27:19'),
(84, 'ST-0084', 'ອານຸສອນ ດາລາວົງ', 'Anouson Dalavong', 'ຊາຍ', '2018-05-18', 6, 'ຜູ້ປົກຄອງຂອງ ອານຸສອນ', '02031424365', NULL, '', NULL, 'ກຳລັງຮຽນ', '2026-06-12 15:27:19'),
(85, 'ST-0085', 'ທອງໃບ ດາລາວົງ', 'Thongbai Dalavong', 'ຍິງ', '2020-05-07', 7, 'ຜູ້ປົກຄອງຂອງ ທອງໃບ', '02036443290', NULL, '', NULL, 'ກຳລັງຮຽນ', '2026-06-12 15:27:19'),
(86, 'ST-0086', 'ອານຸສອນ ພົມມະຈັນ', 'Anouson Phommachanh', 'ຍິງ', '2019-03-24', 7, 'ຜູ້ປົກຄອງຂອງ ອານຸສອນ', '02062261537', NULL, '', NULL, 'ກຳລັງຮຽນ', '2026-06-12 15:27:19'),
(87, 'ST-0087', 'ສົມພອນ ສີຫາລາດ', 'Somphon Sihalath', 'ຍິງ', '2019-04-23', 7, 'ຜູ້ປົກຄອງຂອງ ສົມພອນ', '02061334411', NULL, '', NULL, 'ກຳລັງຮຽນ', '2026-06-12 15:27:19'),
(88, 'ST-0088', 'ສຸກສາຄອນ ທຳມະວົງ', 'Suksakhon Thammavong', 'ຍິງ', '2016-01-23', 7, 'ຜູ້ປົກຄອງຂອງ ສຸກສາຄອນ', '02027813204', NULL, '', NULL, 'ກຳລັງຮຽນ', '2026-06-12 15:27:19'),
(89, 'ST-0089', 'ພູວົງ ແກ້ວມະນີ', 'Phouvong Keomany', 'ຍິງ', '2019-01-11', 7, 'ຜູ້ປົກຄອງຂອງ ພູວົງ', '02079291618', NULL, '', NULL, 'ກຳລັງຮຽນ', '2026-06-12 15:27:19'),
(90, 'ST-0090', 'ມະນີວັນ ຈັນທະວົງ', 'Maneevan Chanthavong', 'ຍິງ', '2019-03-02', 7, 'ຜູ້ປົກຄອງຂອງ ມະນີວັນ', '02039646464', NULL, '', NULL, 'ກຳລັງຮຽນ', '2026-06-12 15:27:19'),
(91, 'ST-0091', 'ບຸນມີ ພົມມະຈັນ', 'Bounmee Phommachanh', 'ຊາຍ', '2019-11-08', 7, 'ຜູ້ປົກຄອງຂອງ ບຸນມີ', '02098291888', NULL, '', NULL, 'ກຳລັງຮຽນ', '2026-06-12 15:27:19'),
(92, 'ST-0092', 'ສົມພອນ ແກ້ວມະນີ', 'Somphon Keomany', 'ຊາຍ', '2019-08-07', 7, 'ຜູ້ປົກຄອງຂອງ ສົມພອນ', '02058087069', NULL, '', NULL, 'ກຳລັງຮຽນ', '2026-06-12 15:27:19'),
(93, 'ST-0093', 'ວິໄລວັນ ພົມມະຈັນ', 'Vilaivan Phommachanh', 'ຍິງ', '2018-05-27', 7, 'ຜູ້ປົກຄອງຂອງ ວິໄລວັນ', '02091337825', NULL, '', NULL, 'ກຳລັງຮຽນ', '2026-06-12 15:27:19'),
(94, 'ST-0094', 'ແສງດາວ ພົມມະຈັນ', 'Sengdao Phommachanh', 'ຍິງ', '2019-03-17', 7, 'ຜູ້ປົກຄອງຂອງ ແສງດາວ', '02093664581', NULL, '', NULL, 'ກຳລັງຮຽນ', '2026-06-12 15:27:19'),
(95, 'ST-0095', 'ຄຳໄຊ ສີວິໄລ', 'Khamxay Sivilay', 'ຍິງ', '2020-11-10', 8, 'ຜູ້ປົກຄອງຂອງ ຄຳໄຊ', '02084673511', NULL, '', NULL, 'ກຳລັງຮຽນ', '2026-06-12 15:27:19'),
(96, 'ST-0096', 'ທອງໃບ ສີວິໄລ', 'Thongbai Sivilay', 'ຊາຍ', '2018-09-02', 8, 'ຜູ້ປົກຄອງຂອງ ທອງໃບ', '02035586978', NULL, '', NULL, 'ກຳລັງຮຽນ', '2026-06-12 15:27:19'),
(97, 'ST-0097', 'ສຸພັດຕາ ຈັນທະວົງ', 'Souphatta Chanthavong', 'ຊາຍ', '2020-01-26', 8, 'ຜູ້ປົກຄອງຂອງ ສຸພັດຕາ', '02082255517', NULL, '', NULL, 'ກຳລັງຮຽນ', '2026-06-12 15:27:19'),
(98, 'ST-0098', 'ຄຳແພງ ໄຊຍະວົງ', 'Khampheng Xayavong', 'ຊາຍ', '2017-12-18', 8, 'ຜູ້ປົກຄອງຂອງ ຄຳແພງ', '02029207403', NULL, '', NULL, 'ກຳລັງຮຽນ', '2026-06-12 15:27:19'),
(99, 'ST-0099', 'ສຸກສາຄອນ ວົງພະຈັນ', 'Suksakhon Vongphachanh', 'ຍິງ', '2019-03-04', 8, 'ຜູ້ປົກຄອງຂອງ ສຸກສາຄອນ', '02033755058', NULL, '', NULL, 'ກຳລັງຮຽນ', '2026-06-12 15:27:19'),
(100, 'ST-0100', 'ຄຳແພງ ດາລາວົງ', 'Khampheng Dalavong', 'ຍິງ', '2018-04-16', 8, 'ຜູ້ປົກຄອງຂອງ ຄຳແພງ', '02069789786', NULL, '', NULL, 'ກຳລັງຮຽນ', '2026-06-12 15:27:19'),
(101, 'ST-0101', 'ສຸພັດຕາ ດາລາວົງ', 'Souphatta Dalavong', 'ຊາຍ', '2016-02-16', 8, 'ຜູ້ປົກຄອງຂອງ ສຸພັດຕາ', '02093386328', NULL, '', NULL, 'ກຳລັງຮຽນ', '2026-06-12 15:27:19'),
(102, 'ST-0102', 'ບຸນທະວີ ພົມມະຈັນ', 'Bounthavee Phommachanh', 'ຊາຍ', '2016-01-02', 8, 'ຜູ້ປົກຄອງຂອງ ບຸນທະວີ', '02047043560', NULL, '', NULL, 'ກຳລັງຮຽນ', '2026-06-12 15:27:19'),
(103, 'ST-0103', 'ທອງໃບ ສີວິໄລ', 'Thongbai Sivilay', 'ຍິງ', '2017-09-27', 8, 'ຜູ້ປົກຄອງຂອງ ທອງໃບ', '02077693768', NULL, '', NULL, 'ກຳລັງຮຽນ', '2026-06-12 15:27:19'),
(104, 'ST-0104', 'ພູວົງ ແກ້ວມະນີ', 'Phouvong Keomany', 'ຍິງ', '2018-02-14', 8, 'ຜູ້ປົກຄອງຂອງ ພູວົງ', '02061542430', NULL, '', NULL, 'ກຳລັງຮຽນ', '2026-06-12 15:27:19'),
(105, 'ST-0105', 'ວິໄລວັນ ທຳມະວົງ', 'Vilaivan Thammavong', 'ຍິງ', '2019-08-17', 9, 'ຜູ້ປົກຄອງຂອງ ວິໄລວັນ', '02071685194', NULL, '', NULL, 'ກຳລັງຮຽນ', '2026-06-12 15:27:19'),
(106, 'ST-0106', 'ອານຸສອນ ຈັນທະວົງ', 'Anouson Chanthavong', 'ຍິງ', '2018-02-03', 9, 'ຜູ້ປົກຄອງຂອງ ອານຸສອນ', '02068864120', NULL, '', NULL, 'ກຳລັງຮຽນ', '2026-06-12 15:27:19'),
(107, 'ST-0107', 'ຈັນທະພອນ ດາລາວົງ', 'Chanthaphon Dalavong', 'ຊາຍ', '2017-02-16', 9, 'ຜູ້ປົກຄອງຂອງ ຈັນທະພອນ', '02067585823', NULL, '', NULL, 'ກຳລັງຮຽນ', '2026-06-12 15:27:19'),
(108, 'ST-0108', 'ຄຳໄຊ ດາລາວົງ', 'Khamxay Dalavong', 'ຊາຍ', '2016-02-10', 9, 'ຜູ້ປົກຄອງຂອງ ຄຳໄຊ', '02054062041', NULL, '', NULL, 'ກຳລັງຮຽນ', '2026-06-12 15:27:19'),
(109, 'ST-0109', 'ທອງໃບ ສຸວັນນະວົງ', 'Thongbai Souvannavong', 'ຍິງ', '2019-09-25', 9, 'ຜູ້ປົກຄອງຂອງ ທອງໃບ', '02076586347', NULL, '', NULL, 'ກຳລັງຮຽນ', '2026-06-12 15:27:19'),
(110, 'ST-0110', 'ຄຳແພງ ວົງພະຈັນ', 'Khampheng Vongphachanh', 'ຍິງ', '2019-08-28', 9, 'ຜູ້ປົກຄອງຂອງ ຄຳແພງ', '02041487488', NULL, '', NULL, 'ກຳລັງຮຽນ', '2026-06-12 15:27:19'),
(111, 'ST-0111', 'ສຸກສາຄອນ ສີວິໄລ', 'Suksakhon Sivilay', 'ຍິງ', '2019-08-27', 9, 'ຜູ້ປົກຄອງຂອງ ສຸກສາຄອນ', '02046390160', NULL, '', NULL, 'ກຳລັງຮຽນ', '2026-06-12 15:27:19'),
(112, 'ST-0112', 'ບຸນມີ ຈັນທະວົງ', 'Bounmee Chanthavong', 'ຍິງ', '2019-06-04', 9, 'ຜູ້ປົກຄອງຂອງ ບຸນມີ', '02033499451', NULL, '', NULL, 'ກຳລັງຮຽນ', '2026-06-12 15:27:19'),
(113, 'ST-0113', 'ວິໄລວັນ ວົງພະຈັນ', 'Vilaivan Vongphachanh', 'ຍິງ', '2019-07-06', 9, 'ຜູ້ປົກຄອງຂອງ ວິໄລວັນ', '02053701637', NULL, '', NULL, 'ກຳລັງຮຽນ', '2026-06-12 15:27:19'),
(114, 'ST-0114', 'ບຸນມີ ໄຊຍະວົງ', 'Bounmee Xayavong', 'ຊາຍ', '2017-04-07', 9, 'ຜູ້ປົກຄອງຂອງ ບຸນມີ', '02051918686', NULL, '', NULL, 'ກຳລັງຮຽນ', '2026-06-12 15:27:19'),
(115, 'ST-0115', 'ບຸນມີ ທຳມະວົງ', 'Bounmee Thammavong', 'ຊາຍ', '2017-07-17', 10, 'ຜູ້ປົກຄອງຂອງ ບຸນມີ', '02099642231', NULL, '', NULL, 'ກຳລັງຮຽນ', '2026-06-12 15:27:19'),
(116, 'ST-0116', 'ແສງດາວ ສຸວັນນະວົງ', 'Sengdao Souvannavong', 'ຊາຍ', '2019-02-24', 10, 'ຜູ້ປົກຄອງຂອງ ແສງດາວ', '02091070916', NULL, '', NULL, 'ກຳລັງຮຽນ', '2026-06-12 15:27:20'),
(117, 'ST-0117', 'ສຸກສາຄອນ ແກ້ວມະນີ', 'Suksakhon Keomany', 'ຊາຍ', '2016-04-27', 10, 'ຜູ້ປົກຄອງຂອງ ສຸກສາຄອນ', '02081428198', NULL, '', NULL, 'ກຳລັງຮຽນ', '2026-06-12 15:27:20'),
(118, 'ST-0118', 'ບຸນທະວີ ສຸວັນນະວົງ', 'Bounthavee Souvannavong', 'ຍິງ', '2020-10-15', 10, 'ຜູ້ປົກຄອງຂອງ ບຸນທະວີ', '02071457544', NULL, '', NULL, 'ກຳລັງຮຽນ', '2026-06-12 15:27:20'),
(119, 'ST-0119', 'ບຸນມີ ດາລາວົງ', 'Bounmee Dalavong', 'ຊາຍ', '2019-03-08', 10, 'ຜູ້ປົກຄອງຂອງ ບຸນມີ', '02089930768', NULL, '', NULL, 'ກຳລັງຮຽນ', '2026-06-12 15:27:20'),
(120, 'ST-0120', 'ວິໄລວັນ ສີຫາລາດ', 'Vilaivan Sihalath', 'ຍິງ', '2016-04-23', 10, 'ຜູ້ປົກຄອງຂອງ ວິໄລວັນ', '02066894907', NULL, '', NULL, 'ກຳລັງຮຽນ', '2026-06-12 15:27:20'),
(121, 'ST-0121', 'ສຸພັດຕາ ແກ້ວມະນີ', 'Souphatta Keomany', 'ຍິງ', '2019-12-18', 10, 'ຜູ້ປົກຄອງຂອງ ສຸພັດຕາ', '02095148355', NULL, '', NULL, 'ກຳລັງຮຽນ', '2026-06-12 15:27:20'),
(122, 'ST-0122', 'ມະນີວັນ ພົມມະຈັນ', 'Maneevan Phommachanh', 'ຍິງ', '2020-01-12', 10, 'ຜູ້ປົກຄອງຂອງ ມະນີວັນ', '02079501518', NULL, '', NULL, 'ກຳລັງຮຽນ', '2026-06-12 15:27:20'),
(123, 'ST-0123', 'ຈັນທະພອນ ວົງພະຈັນ', 'Chanthaphon Vongphachanh', 'ຍິງ', '2017-02-03', 10, 'ຜູ້ປົກຄອງຂອງ ຈັນທະພອນ', '02023433760', NULL, '', NULL, 'ກຳລັງຮຽນ', '2026-06-12 15:27:20'),
(124, 'ST-0124', 'ສຸກສາຄອນ ແກ້ວມະນີ', 'Suksakhon Keomany', 'ຊາຍ', '2019-12-09', 10, 'ຜູ້ປົກຄອງຂອງ ສຸກສາຄອນ', '02027847963', NULL, '', NULL, 'ກຳລັງຮຽນ', '2026-06-12 15:27:20'),
(125, 'ST-0125', 'ມະນີວັນ ໄຊຍະວົງ', 'Maneevan Xayavong', 'ຊາຍ', '2017-10-26', 11, 'ຜູ້ປົກຄອງຂອງ ມະນີວັນ', '02027078540', NULL, '', NULL, 'ກຳລັງຮຽນ', '2026-06-12 15:27:20'),
(126, 'ST-0126', 'ທອງໃບ ສີຫາລາດ', 'Thongbai Sihalath', 'ຍິງ', '2017-02-25', 11, 'ຜູ້ປົກຄອງຂອງ ທອງໃບ', '02024689625', NULL, '', NULL, 'ກຳລັງຮຽນ', '2026-06-12 15:27:20'),
(127, 'ST-0127', 'ທອງໃບ ຈັນທະວົງ', 'Thongbai Chanthavong', 'ຍິງ', '2017-07-05', 11, 'ຜູ້ປົກຄອງຂອງ ທອງໃບ', '02055436534', NULL, '', NULL, 'ກຳລັງຮຽນ', '2026-06-12 15:27:20'),
(128, 'ST-0128', 'ອານຸສອນ ສຸວັນນະວົງ', 'Anouson Souvannavong', 'ຍິງ', '2020-11-22', 11, 'ຜູ້ປົກຄອງຂອງ ອານຸສອນ', '02035126015', NULL, '', NULL, 'ກຳລັງຮຽນ', '2026-06-12 15:27:20'),
(129, 'ST-0129', 'ອານຸສອນ ທຳມະວົງ', 'Anouson Thammavong', 'ຊາຍ', '2019-11-23', 11, 'ຜູ້ປົກຄອງຂອງ ອານຸສອນ', '02058503714', NULL, '', NULL, 'ກຳລັງຮຽນ', '2026-06-12 15:27:20'),
(130, 'ST-0130', 'ບຸນທະວີ ສີຫາລາດ', 'Bounthavee Sihalath', 'ຊາຍ', '2019-02-12', 11, 'ຜູ້ປົກຄອງຂອງ ບຸນທະວີ', '02023822210', NULL, '', NULL, 'ກຳລັງຮຽນ', '2026-06-12 15:27:20'),
(131, 'ST-0131', 'ບຸນມີ ວົງພະຈັນ', 'Bounmee Vongphachanh', 'ຊາຍ', '2018-07-22', 11, 'ຜູ້ປົກຄອງຂອງ ບຸນມີ', '02064020479', NULL, '', NULL, 'ກຳລັງຮຽນ', '2026-06-12 15:27:20'),
(132, 'ST-0132', 'ຄຳໄຊ ສີວິໄລ', 'Khamxay Sivilay', 'ຍິງ', '2020-09-03', 11, 'ຜູ້ປົກຄອງຂອງ ຄຳໄຊ', '02082072195', NULL, '', NULL, 'ກຳລັງຮຽນ', '2026-06-12 15:27:20'),
(133, 'ST-0133', 'ແສງດາວ ດາລາວົງ', 'Sengdao Dalavong', 'ຊາຍ', '2017-02-06', 11, 'ຜູ້ປົກຄອງຂອງ ແສງດາວ', '02083159814', NULL, '', NULL, 'ກຳລັງຮຽນ', '2026-06-12 15:27:20'),
(134, 'ST-0134', 'ອານຸສອນ ສີຫາລາດ', 'Anouson Sihalath', 'ຊາຍ', '2016-03-27', 11, 'ຜູ້ປົກຄອງຂອງ ອານຸສອນ', '02053840980', NULL, '', NULL, 'ກຳລັງຮຽນ', '2026-06-12 15:27:20'),
(135, 'ST-0135', 'ທ.ພັດສະດາ ຄຳດີ', 'Mr phatsada khamdy', 'ຊາຍ', '2012-11-15', 7, 'ທ.ຄຳດິ', '020 77 100 003', 'ບ້ານ ນາຕອງ, ເມືອງ ສີໂຄດຕະບອງ,ນະຄອນຫຼວງວຽງຈັນ', 'assets/uploads/students/student_b5404ae5bf88ca37.webp', '2026-06-15', 'ກຳລັງຮຽນ', '2026-06-15 15:32:06');

-- --------------------------------------------------------

--
-- Table structure for table `student_scores`
--

CREATE TABLE `student_scores` (
  `score_id` int(11) NOT NULL,
  `student_id` int(11) NOT NULL,
  `class_id` int(11) DEFAULT NULL,
  `academic_year` varchar(20) NOT NULL COMMENT 'e.g. 2025-2026',
  `term` varchar(50) NOT NULL COMMENT 'e.g. ເທີມ 1',
  `exam_type` varchar(100) NOT NULL COMMENT 'e.g. ກວດກາຍ່ອຍ, ສອບເສັງກາງເທີມ',
  `subject` varchar(150) NOT NULL,
  `score` decimal(6,2) NOT NULL DEFAULT 0.00,
  `max_score` decimal(6,2) NOT NULL DEFAULT 100.00,
  `score_date` date DEFAULT NULL,
  `notes` text DEFAULT NULL,
  `recorded_by` int(11) DEFAULT NULL,
  `created_at` timestamp NOT NULL DEFAULT current_timestamp(),
  `updated_at` timestamp NOT NULL DEFAULT current_timestamp() ON UPDATE current_timestamp()
) ENGINE=InnoDB DEFAULT CHARSET=utf8mb4 COLLATE=utf8mb4_general_ci;

--
-- Dumping data for table `student_scores`
--

INSERT INTO `student_scores` (`score_id`, `student_id`, `class_id`, `academic_year`, `term`, `exam_type`, `subject`, `score`, `max_score`, `score_date`, `notes`, `recorded_by`, `created_at`, `updated_at`) VALUES
(1, 23, NULL, '2026-2027', 'ເທີມ 1', 'ກວດກາຍ່ອຍ', 'ຄະນິດສາດ', 10.00, 10.00, '2026-06-05', '', 1, '2026-06-05 10:11:50', '2026-06-05 10:11:50'),
(3, 19, 4, '2026-2027', 'ເທີມ 1', 'ກວດກາຍ່ອຍ', 'ຄະນິດສາດ', 9.00, 100.00, '2026-06-05', '', 1, '2026-06-05 10:15:29', '2026-06-05 10:15:29'),
(4, 14, 6, '2026-2027', 'ເທີມ 1', 'ກວດກາຍ່ອຍ', 'ພາສາລາວ', 5.99, 10.00, '2026-06-06', '', 1, '2026-06-06 13:27:58', '2026-06-06 13:27:58'),
(5, 5, 8, '2026-2027', 'ເທີມ 1', 'ກວດກາຍ່ອຍ', 'ສິລະປະ', 5.00, 10.00, '2026-06-08', '', 1, '2026-06-08 10:33:23', '2026-06-08 10:33:23'),
(6, 6, 9, '2026-2027', 'ເທີມ 1', 'ກວດກາຍ່ອຍ', 'E', 7.50, 10.00, '2026-06-10', '', 1, '2026-06-10 08:59:04', '2026-06-10 08:59:04'),
(7, 6, 9, '2026-2027', 'ເທີມ 1', 'ກວດກາຍ່ອຍ', 'ຄະນິດສາດ', 9.00, 10.00, '2026-06-10', '', 1, '2026-06-10 08:59:19', '2026-06-10 08:59:19'),
(8, 6, 9, '2026-2027', 'ເທີມ 1', 'ກວດກາຍ່ອຍ', 'ຄຸນສົມບັດ', 10.00, 10.00, '2026-06-10', '', 1, '2026-06-10 08:59:56', '2026-06-10 08:59:56'),
(9, 2, 2, '2026-2027', 'ເທີມ 1', 'ກວດກາຍ່ອຍ', 'E', 7.00, 10.00, '2026-06-10', '', 1, '2026-06-10 09:05:43', '2026-06-10 09:05:43'),
(10, 2, 2, '2026-2027', 'ເທີມ 1', 'ກວດກາຍ່ອຍ', 'ຄຸນສົມບັດ', 6.50, 10.00, '2026-06-10', '', 1, '2026-06-10 09:06:09', '2026-06-10 09:06:09'),
(11, 23, 7, '2026-2027', 'ເດຶອນ9', 'ກວດກາຍ່ອຍ', 'ພະລະ', 7.50, 10.00, '2026-06-10', '', 1, '2026-06-10 10:05:36', '2026-06-10 10:05:36'),
(12, 23, 7, '2026-2027', 'ເດຶອນ9', 'ກວດກາຍ່ອຍ', 'ສິລະປະກຳ', 7.00, 10.00, '2026-06-10', '', 1, '2026-06-10 10:06:13', '2026-06-10 10:06:13'),
(13, 23, 7, '2026-2027', 'ເດຶອນ9', 'ກວດກາຍ່ອຍ', 'ວິທະຍາສາດ', 8.00, 10.00, '2026-06-10', '', 1, '2026-06-10 10:15:28', '2026-06-10 10:15:28'),
(16, 2, 2, '2026-2027', 'ເທີມ 1', 'ປະຈຳເດືອນ 9', 'E', 8.50, 10.00, '2026-06-10', '', 1, '2026-06-10 10:31:51', '2026-06-10 10:31:51'),
(17, 1, 1, '2026-2027', 'ເທີມ 1', 'ປະຈຳເດືອນ 9', 'Activity book', 7.00, 10.00, '2026-06-10', '', 1, '2026-06-10 10:49:08', '2026-06-10 12:17:14'),
(18, 2, 2, '2026-2027', 'ເທີມ 1', 'ປະຈຳເດືອນ 9', 'Activity', 6.00, 10.00, '2026-06-10', '', 1, '2026-06-10 10:50:06', '2026-06-10 10:50:06'),
(19, 2, 2, '2026-2027', 'ເທີມ 1', 'ປະຈຳເດືອນ 9', 'Activity book', 7.00, 10.00, '2026-06-10', '', 1, '2026-06-10 10:50:08', '2026-06-10 10:50:08'),
(20, 2, 2, '2026-2027', 'ເທີມ 1', 'ປະຈຳເດືອນ 9', 'Numeracy', 8.00, 10.00, '2026-06-10', '', 1, '2026-06-10 10:50:10', '2026-06-10 10:50:10'),
(21, 2, 2, '2026-2027', 'ເທີມ 1', 'ປະຈຳເດືອນ 9', 'Phonics', 9.00, 10.00, '2026-06-10', '', 1, '2026-06-10 10:50:14', '2026-06-10 10:50:14'),
(22, 4, 7, '2026-2027', 'ເທີມ 1', 'ປະຈຳເດືອນ 9', 'E', 4.00, 10.00, '2026-06-10', '', 1, '2026-06-10 10:51:05', '2026-06-10 10:51:05'),
(23, 4, 7, '2026-2027', 'ເທີມ 1', 'ປະຈຳເດືອນ 9', 'ຄະນິດສາດ', 7.00, 10.00, '2026-06-10', '', 1, '2026-06-10 10:51:11', '2026-06-10 10:51:11'),
(24, 4, 7, '2026-2027', 'ເທີມ 1', 'ປະຈຳເດືອນ 9', 'ຄຸນສົມບັດ', 7.00, 10.00, '2026-06-10', '', 1, '2026-06-10 10:51:13', '2026-06-10 10:51:13'),
(25, 4, 7, '2026-2027', 'ເທີມ 1', 'ປະຈຳເດືອນ 9', 'ວິທະຍາສາດ', 8.00, 10.00, '2026-06-10', '', 1, '2026-06-10 10:51:16', '2026-06-10 10:51:16'),
(26, 4, 7, '2026-2027', 'ເທີມ 1', 'ປະຈຳເດືອນ 9', 'ພະລະ', 8.00, 10.00, '2026-06-10', '', 1, '2026-06-10 10:51:19', '2026-06-10 10:51:19'),
(27, 4, 7, '2026-2027', 'ເທີມ 1', 'ປະຈຳເດືອນ 9', 'ສິລະປະກຳ', 9.00, 10.00, '2026-06-10', '', 1, '2026-06-10 10:51:25', '2026-06-10 10:51:25'),
(28, 4, 7, '2026-2027', 'ເທີມ 1', 'ປະຈຳເດືອນ 9', 'ຫັດອ່ານ+ຫັດກ່າຍ', 9.00, 10.00, '2026-06-10', '', 1, '2026-06-10 10:51:30', '2026-06-10 10:51:30'),
(29, 4, 7, '2026-2027', 'ເທີມ 1', 'ປະຈຳເດືອນ 9', 'ຫັດອ່ານ+ຫັດແຕ່ງ', 9.50, 10.00, '2026-06-10', '', 1, '2026-06-10 10:51:41', '2026-06-10 10:51:41'),
(30, 4, 7, '2026-2027', 'ເທີມ 1', 'ປະຈຳເດືອນ 9', 'ຫັດອ່ານ+ຮຽນທວາຍ', 6.00, 10.00, '2026-06-10', '', 1, '2026-06-10 10:51:47', '2026-06-10 10:51:47'),
(35, 2, 2, '2026-2027', 'ເທີມ 1', 'ປະຈຳເດືອນ 9', 'ຄະນິດສາດ', 5.00, 10.00, '2026-06-10', '', 14, '2026-06-10 10:58:44', '2026-06-10 10:58:44'),
(36, 1, 1, '2026-2027', 'ເທີມ 1', 'ປະຈຳເດືອນ 9', 'Activity', 6.50, 10.00, '2026-06-10', '', 1, '2026-06-10 12:16:43', '2026-06-10 12:17:01'),
(37, 1, 1, '2026-2027', 'ເທີມ 1', 'ປະຈຳເດືອນ 9', 'Numeracy', 7.00, 10.00, '2026-06-10', '', 1, '2026-06-10 12:17:26', '2026-06-10 12:17:26'),
(38, 1, 1, '2026-2027', 'ເທີມ 1', 'ປະຈຳເດືອນ 9', 'Phonics', 10.00, 10.00, '2026-06-10', '', 1, '2026-06-10 12:17:42', '2026-06-10 12:17:42'),
(39, 1, 1, '2026-2027', 'ເທີມ 1', 'ປະຈຳເດືອນ 9', 'Student\'s book', 9.00, 10.00, '2026-06-10', '', 1, '2026-06-10 12:17:48', '2026-06-10 12:17:48'),
(40, 23, 7, '2026-2027', 'ເທີມ 1', 'ປະຈຳເດືອນ 9', 'ຄະນິດສາດ', 7.00, 10.00, '2026-06-12', '', 1, '2026-06-12 11:36:31', '2026-06-12 11:36:31'),
(41, 23, 7, '2026-2027', 'ເທີມ 1', 'ປະຈຳເດືອນ 9', 'E', 8.00, 10.00, '2026-06-12', '', 1, '2026-06-12 11:36:35', '2026-06-12 11:36:35'),
(42, 23, 7, '2026-2027', 'ເທີມ 1', 'ປະຈຳເດືອນ 9', 'ຄຸນສົມບັດ', 7.00, 10.00, '2026-06-12', '', 1, '2026-06-12 11:36:41', '2026-06-12 11:36:41'),
(43, 23, 7, '2026-2027', 'ເທີມ 1', 'ປະຈຳເດືອນ 9', 'ພະລະ', 9.00, 10.00, '2026-06-12', '', 1, '2026-06-12 11:36:46', '2026-06-12 11:36:46'),
(44, 23, 7, '2026-2027', 'ເທີມ 1', 'ປະຈຳເດືອນ 9', 'ວິທະຍາສາດ', 10.00, 10.00, '2026-06-12', '', 1, '2026-06-12 11:36:50', '2026-06-12 11:36:50'),
(45, 23, 7, '2026-2027', 'ເທີມ 1', 'ປະຈຳເດືອນ 9', 'ສິລະປະກຳ', 10.00, 10.00, '2026-06-12', '', 1, '2026-06-12 11:36:54', '2026-06-12 11:36:54'),
(46, 23, 7, '2026-2027', 'ເທີມ 1', 'ປະຈຳເດືອນ 9', 'ຫັດອ່ານ+ຫັດກ່າຍ', 7.00, 10.00, '2026-06-12', '', 1, '2026-06-12 11:36:57', '2026-06-12 11:36:57'),
(47, 23, 7, '2026-2027', 'ເທີມ 1', 'ປະຈຳເດືອນ 9', 'ຫັດອ່ານ+ຫັດແຕ່ງ', 7.00, 10.00, '2026-06-12', '', 1, '2026-06-12 11:37:03', '2026-06-12 11:37:03'),
(48, 23, 7, '2026-2027', 'ເທີມ 1', 'ປະຈຳເດືອນ 9', 'ຫັດອ່ານ+ຮຽນທວາຍ', 8.00, 10.00, '2026-06-12', '', 1, '2026-06-12 11:37:07', '2026-06-12 11:37:07'),
(49, 25, 1, '2025-2026', 'ພາກຮຽນທີ 1', 'ສອບເສັງກາງພາກ', 'ຄະນິດສາດ', 69.00, 100.00, '2026-06-12', 'ພໍໃຊ້', NULL, '2026-06-12 15:27:19', '2026-06-12 15:27:19'),
(50, 25, 1, '2025-2026', 'ພາກຮຽນທີ 1', 'ສອບເສັງກາງພາກ', 'ພາສາລາວ', 92.00, 100.00, '2026-06-12', 'ດີເລີດ', NULL, '2026-06-12 15:27:19', '2026-06-12 15:27:19'),
(51, 25, 1, '2025-2026', 'ພາກຮຽນທີ 1', 'ສອບເສັງກາງພາກ', 'ວິທະຍາສາດ', 54.00, 100.00, '2026-06-12', 'ພໍໃຊ້', NULL, '2026-06-12 15:27:19', '2026-06-12 15:27:19'),
(52, 25, 1, '2025-2026', 'ພາກຮຽນທີ 1', 'ສອບເສັງກາງພາກ', 'ພາສາອັງກິດ', 76.00, 100.00, '2026-06-12', 'ດີ', NULL, '2026-06-12 15:27:19', '2026-06-12 15:27:19'),
(53, 26, 1, '2025-2026', 'ພາກຮຽນທີ 1', 'ສອບເສັງກາງພາກ', 'ຄະນິດສາດ', 55.00, 100.00, '2026-06-12', 'ພໍໃຊ້', NULL, '2026-06-12 15:27:19', '2026-06-12 15:27:19'),
(54, 26, 1, '2025-2026', 'ພາກຮຽນທີ 1', 'ສອບເສັງກາງພາກ', 'ພາສາລາວ', 61.00, 100.00, '2026-06-12', 'ພໍໃຊ້', NULL, '2026-06-12 15:27:19', '2026-06-12 15:27:19'),
(55, 26, 1, '2025-2026', 'ພາກຮຽນທີ 1', 'ສອບເສັງກາງພາກ', 'ວິທະຍາສາດ', 93.00, 100.00, '2026-06-12', 'ດີເລີດ', NULL, '2026-06-12 15:27:19', '2026-06-12 15:27:19'),
(56, 26, 1, '2025-2026', 'ພາກຮຽນທີ 1', 'ສອບເສັງກາງພາກ', 'ພາສາອັງກິດ', 86.00, 100.00, '2026-06-12', 'ດີ', NULL, '2026-06-12 15:27:19', '2026-06-12 15:27:19'),
(57, 27, 1, '2025-2026', 'ພາກຮຽນທີ 1', 'ສອບເສັງກາງພາກ', 'ຄະນິດສາດ', 81.00, 100.00, '2026-06-12', 'ດີ', NULL, '2026-06-12 15:27:19', '2026-06-12 15:27:19'),
(58, 27, 1, '2025-2026', 'ພາກຮຽນທີ 1', 'ສອບເສັງກາງພາກ', 'ພາສາລາວ', 91.00, 100.00, '2026-06-12', 'ດີເລີດ', NULL, '2026-06-12 15:27:19', '2026-06-12 15:27:19'),
(59, 27, 1, '2025-2026', 'ພາກຮຽນທີ 1', 'ສອບເສັງກາງພາກ', 'ວິທະຍາສາດ', 63.00, 100.00, '2026-06-12', 'ພໍໃຊ້', NULL, '2026-06-12 15:27:19', '2026-06-12 15:27:19'),
(60, 27, 1, '2025-2026', 'ພາກຮຽນທີ 1', 'ສອບເສັງກາງພາກ', 'ພາສາອັງກິດ', 80.00, 100.00, '2026-06-12', 'ດີ', NULL, '2026-06-12 15:27:19', '2026-06-12 15:27:19'),
(61, 28, 1, '2025-2026', 'ພາກຮຽນທີ 1', 'ສອບເສັງກາງພາກ', 'ຄະນິດສາດ', 93.00, 100.00, '2026-06-12', 'ດີເລີດ', NULL, '2026-06-12 15:27:19', '2026-06-12 15:27:19'),
(62, 28, 1, '2025-2026', 'ພາກຮຽນທີ 1', 'ສອບເສັງກາງພາກ', 'ພາສາລາວ', 65.00, 100.00, '2026-06-12', 'ພໍໃຊ້', NULL, '2026-06-12 15:27:19', '2026-06-12 15:27:19'),
(63, 28, 1, '2025-2026', 'ພາກຮຽນທີ 1', 'ສອບເສັງກາງພາກ', 'ວິທະຍາສາດ', 53.00, 100.00, '2026-06-12', 'ພໍໃຊ້', NULL, '2026-06-12 15:27:19', '2026-06-12 15:27:19'),
(64, 28, 1, '2025-2026', 'ພາກຮຽນທີ 1', 'ສອບເສັງກາງພາກ', 'ພາສາອັງກິດ', 80.00, 100.00, '2026-06-12', 'ດີ', NULL, '2026-06-12 15:27:19', '2026-06-12 15:27:19'),
(65, 29, 1, '2025-2026', 'ພາກຮຽນທີ 1', 'ສອບເສັງກາງພາກ', 'ຄະນິດສາດ', 55.00, 100.00, '2026-06-12', 'ພໍໃຊ້', NULL, '2026-06-12 15:27:19', '2026-06-12 15:27:19'),
(66, 29, 1, '2025-2026', 'ພາກຮຽນທີ 1', 'ສອບເສັງກາງພາກ', 'ພາສາລາວ', 49.00, 100.00, '2026-06-12', 'ພໍໃຊ້', NULL, '2026-06-12 15:27:19', '2026-06-12 15:27:19'),
(67, 29, 1, '2025-2026', 'ພາກຮຽນທີ 1', 'ສອບເສັງກາງພາກ', 'ວິທະຍາສາດ', 58.00, 100.00, '2026-06-12', 'ພໍໃຊ້', NULL, '2026-06-12 15:27:19', '2026-06-12 15:27:19'),
(68, 29, 1, '2025-2026', 'ພາກຮຽນທີ 1', 'ສອບເສັງກາງພາກ', 'ພາສາອັງກິດ', 85.00, 100.00, '2026-06-12', 'ດີ', NULL, '2026-06-12 15:27:19', '2026-06-12 15:27:19'),
(69, 30, 1, '2025-2026', 'ພາກຮຽນທີ 1', 'ສອບເສັງກາງພາກ', 'ຄະນິດສາດ', 82.00, 100.00, '2026-06-12', 'ດີ', NULL, '2026-06-12 15:27:19', '2026-06-12 15:27:19'),
(70, 30, 1, '2025-2026', 'ພາກຮຽນທີ 1', 'ສອບເສັງກາງພາກ', 'ພາສາລາວ', 46.00, 100.00, '2026-06-12', 'ພໍໃຊ້', NULL, '2026-06-12 15:27:19', '2026-06-12 15:27:19'),
(71, 30, 1, '2025-2026', 'ພາກຮຽນທີ 1', 'ສອບເສັງກາງພາກ', 'ວິທະຍາສາດ', 51.00, 100.00, '2026-06-12', 'ພໍໃຊ້', NULL, '2026-06-12 15:27:19', '2026-06-12 15:27:19'),
(72, 30, 1, '2025-2026', 'ພາກຮຽນທີ 1', 'ສອບເສັງກາງພາກ', 'ພາສາອັງກິດ', 69.00, 100.00, '2026-06-12', 'ພໍໃຊ້', NULL, '2026-06-12 15:27:19', '2026-06-12 15:27:19'),
(73, 31, 1, '2025-2026', 'ພາກຮຽນທີ 1', 'ສອບເສັງກາງພາກ', 'ຄະນິດສາດ', 53.00, 100.00, '2026-06-12', 'ພໍໃຊ້', NULL, '2026-06-12 15:27:19', '2026-06-12 15:27:19'),
(74, 31, 1, '2025-2026', 'ພາກຮຽນທີ 1', 'ສອບເສັງກາງພາກ', 'ພາສາລາວ', 48.00, 100.00, '2026-06-12', 'ພໍໃຊ້', NULL, '2026-06-12 15:27:19', '2026-06-12 15:27:19'),
(75, 31, 1, '2025-2026', 'ພາກຮຽນທີ 1', 'ສອບເສັງກາງພາກ', 'ວິທະຍາສາດ', 72.00, 100.00, '2026-06-12', 'ດີ', NULL, '2026-06-12 15:27:19', '2026-06-12 15:27:19'),
(76, 31, 1, '2025-2026', 'ພາກຮຽນທີ 1', 'ສອບເສັງກາງພາກ', 'ພາສາອັງກິດ', 85.00, 100.00, '2026-06-12', 'ດີ', NULL, '2026-06-12 15:27:19', '2026-06-12 15:27:19'),
(77, 32, 1, '2025-2026', 'ພາກຮຽນທີ 1', 'ສອບເສັງກາງພາກ', 'ຄະນິດສາດ', 87.00, 100.00, '2026-06-12', 'ດີ', NULL, '2026-06-12 15:27:19', '2026-06-12 15:27:19'),
(78, 32, 1, '2025-2026', 'ພາກຮຽນທີ 1', 'ສອບເສັງກາງພາກ', 'ພາສາລາວ', 52.00, 100.00, '2026-06-12', 'ພໍໃຊ້', NULL, '2026-06-12 15:27:19', '2026-06-12 15:27:19'),
(79, 32, 1, '2025-2026', 'ພາກຮຽນທີ 1', 'ສອບເສັງກາງພາກ', 'ວິທະຍາສາດ', 87.00, 100.00, '2026-06-12', 'ດີ', NULL, '2026-06-12 15:27:19', '2026-06-12 15:27:19'),
(80, 32, 1, '2025-2026', 'ພາກຮຽນທີ 1', 'ສອບເສັງກາງພາກ', 'ພາສາອັງກິດ', 61.00, 100.00, '2026-06-12', 'ພໍໃຊ້', NULL, '2026-06-12 15:27:19', '2026-06-12 15:27:19'),
(81, 33, 1, '2025-2026', 'ພາກຮຽນທີ 1', 'ສອບເສັງກາງພາກ', 'ຄະນິດສາດ', 83.00, 100.00, '2026-06-12', 'ດີ', NULL, '2026-06-12 15:27:19', '2026-06-12 15:27:19'),
(82, 33, 1, '2025-2026', 'ພາກຮຽນທີ 1', 'ສອບເສັງກາງພາກ', 'ພາສາລາວ', 50.00, 100.00, '2026-06-12', 'ພໍໃຊ້', NULL, '2026-06-12 15:27:19', '2026-06-12 15:27:19'),
(83, 33, 1, '2025-2026', 'ພາກຮຽນທີ 1', 'ສອບເສັງກາງພາກ', 'ວິທະຍາສາດ', 98.00, 100.00, '2026-06-12', 'ດີເລີດ', NULL, '2026-06-12 15:27:19', '2026-06-12 15:27:19'),
(84, 33, 1, '2025-2026', 'ພາກຮຽນທີ 1', 'ສອບເສັງກາງພາກ', 'ພາສາອັງກິດ', 88.00, 100.00, '2026-06-12', 'ດີ', NULL, '2026-06-12 15:27:19', '2026-06-12 15:27:19'),
(85, 34, 1, '2025-2026', 'ພາກຮຽນທີ 1', 'ສອບເສັງກາງພາກ', 'ຄະນິດສາດ', 45.00, 100.00, '2026-06-12', 'ພໍໃຊ້', NULL, '2026-06-12 15:27:19', '2026-06-12 15:27:19'),
(86, 34, 1, '2025-2026', 'ພາກຮຽນທີ 1', 'ສອບເສັງກາງພາກ', 'ພາສາລາວ', 46.00, 100.00, '2026-06-12', 'ພໍໃຊ້', NULL, '2026-06-12 15:27:19', '2026-06-12 15:27:19'),
(87, 34, 1, '2025-2026', 'ພາກຮຽນທີ 1', 'ສອບເສັງກາງພາກ', 'ວິທະຍາສາດ', 48.00, 100.00, '2026-06-12', 'ພໍໃຊ້', NULL, '2026-06-12 15:27:19', '2026-06-12 15:27:19'),
(88, 34, 1, '2025-2026', 'ພາກຮຽນທີ 1', 'ສອບເສັງກາງພາກ', 'ພາສາອັງກິດ', 59.00, 100.00, '2026-06-12', 'ພໍໃຊ້', NULL, '2026-06-12 15:27:19', '2026-06-12 15:27:19'),
(89, 35, 2, '2025-2026', 'ພາກຮຽນທີ 1', 'ສອບເສັງກາງພາກ', 'ຄະນິດສາດ', 82.00, 100.00, '2026-06-12', 'ດີ', NULL, '2026-06-12 15:27:19', '2026-06-12 15:27:19'),
(90, 35, 2, '2025-2026', 'ພາກຮຽນທີ 1', 'ສອບເສັງກາງພາກ', 'ພາສາລາວ', 60.00, 100.00, '2026-06-12', 'ພໍໃຊ້', NULL, '2026-06-12 15:27:19', '2026-06-12 15:27:19'),
(91, 35, 2, '2025-2026', 'ພາກຮຽນທີ 1', 'ສອບເສັງກາງພາກ', 'ວິທະຍາສາດ', 74.00, 100.00, '2026-06-12', 'ດີ', NULL, '2026-06-12 15:27:19', '2026-06-12 15:27:19'),
(92, 35, 2, '2025-2026', 'ພາກຮຽນທີ 1', 'ສອບເສັງກາງພາກ', 'ພາສາອັງກິດ', 81.00, 100.00, '2026-06-12', 'ດີ', NULL, '2026-06-12 15:27:19', '2026-06-12 15:27:19'),
(93, 36, 2, '2025-2026', 'ພາກຮຽນທີ 1', 'ສອບເສັງກາງພາກ', 'ຄະນິດສາດ', 55.00, 100.00, '2026-06-12', 'ພໍໃຊ້', NULL, '2026-06-12 15:27:19', '2026-06-12 15:27:19'),
(94, 36, 2, '2025-2026', 'ພາກຮຽນທີ 1', 'ສອບເສັງກາງພາກ', 'ພາສາລາວ', 63.00, 100.00, '2026-06-12', 'ພໍໃຊ້', NULL, '2026-06-12 15:27:19', '2026-06-12 15:27:19'),
(95, 36, 2, '2025-2026', 'ພາກຮຽນທີ 1', 'ສອບເສັງກາງພາກ', 'ວິທະຍາສາດ', 78.00, 100.00, '2026-06-12', 'ດີ', NULL, '2026-06-12 15:27:19', '2026-06-12 15:27:19'),
(96, 36, 2, '2025-2026', 'ພາກຮຽນທີ 1', 'ສອບເສັງກາງພາກ', 'ພາສາອັງກິດ', 68.00, 100.00, '2026-06-12', 'ພໍໃຊ້', NULL, '2026-06-12 15:27:19', '2026-06-12 15:27:19'),
(97, 37, 2, '2025-2026', 'ພາກຮຽນທີ 1', 'ສອບເສັງກາງພາກ', 'ຄະນິດສາດ', 68.00, 100.00, '2026-06-12', 'ພໍໃຊ້', NULL, '2026-06-12 15:27:19', '2026-06-12 15:27:19'),
(98, 37, 2, '2025-2026', 'ພາກຮຽນທີ 1', 'ສອບເສັງກາງພາກ', 'ພາສາລາວ', 61.00, 100.00, '2026-06-12', 'ພໍໃຊ້', NULL, '2026-06-12 15:27:19', '2026-06-12 15:27:19'),
(99, 37, 2, '2025-2026', 'ພາກຮຽນທີ 1', 'ສອບເສັງກາງພາກ', 'ວິທະຍາສາດ', 64.00, 100.00, '2026-06-12', 'ພໍໃຊ້', NULL, '2026-06-12 15:27:19', '2026-06-12 15:27:19'),
(100, 37, 2, '2025-2026', 'ພາກຮຽນທີ 1', 'ສອບເສັງກາງພາກ', 'ພາສາອັງກິດ', 68.00, 100.00, '2026-06-12', 'ພໍໃຊ້', NULL, '2026-06-12 15:27:19', '2026-06-12 15:27:19'),
(101, 38, 2, '2025-2026', 'ພາກຮຽນທີ 1', 'ສອບເສັງກາງພາກ', 'ຄະນິດສາດ', 82.00, 100.00, '2026-06-12', 'ດີ', NULL, '2026-06-12 15:27:19', '2026-06-12 15:27:19'),
(102, 38, 2, '2025-2026', 'ພາກຮຽນທີ 1', 'ສອບເສັງກາງພາກ', 'ພາສາລາວ', 45.00, 100.00, '2026-06-12', 'ພໍໃຊ້', NULL, '2026-06-12 15:27:19', '2026-06-12 15:27:19'),
(103, 38, 2, '2025-2026', 'ພາກຮຽນທີ 1', 'ສອບເສັງກາງພາກ', 'ວິທະຍາສາດ', 74.00, 100.00, '2026-06-12', 'ດີ', NULL, '2026-06-12 15:27:19', '2026-06-12 15:27:19'),
(104, 38, 2, '2025-2026', 'ພາກຮຽນທີ 1', 'ສອບເສັງກາງພາກ', 'ພາສາອັງກິດ', 82.00, 100.00, '2026-06-12', 'ດີ', NULL, '2026-06-12 15:27:19', '2026-06-12 15:27:19'),
(105, 39, 2, '2025-2026', 'ພາກຮຽນທີ 1', 'ສອບເສັງກາງພາກ', 'ຄະນິດສາດ', 84.00, 100.00, '2026-06-12', 'ດີ', NULL, '2026-06-12 15:27:19', '2026-06-12 15:27:19'),
(106, 39, 2, '2025-2026', 'ພາກຮຽນທີ 1', 'ສອບເສັງກາງພາກ', 'ພາສາລາວ', 51.00, 100.00, '2026-06-12', 'ພໍໃຊ້', NULL, '2026-06-12 15:27:19', '2026-06-12 15:27:19'),
(107, 39, 2, '2025-2026', 'ພາກຮຽນທີ 1', 'ສອບເສັງກາງພາກ', 'ວິທະຍາສາດ', 73.00, 100.00, '2026-06-12', 'ດີ', NULL, '2026-06-12 15:27:19', '2026-06-12 15:27:19'),
(108, 39, 2, '2025-2026', 'ພາກຮຽນທີ 1', 'ສອບເສັງກາງພາກ', 'ພາສາອັງກິດ', 60.00, 100.00, '2026-06-12', 'ພໍໃຊ້', NULL, '2026-06-12 15:27:19', '2026-06-12 15:27:19'),
(109, 40, 2, '2025-2026', 'ພາກຮຽນທີ 1', 'ສອບເສັງກາງພາກ', 'ຄະນິດສາດ', 77.00, 100.00, '2026-06-12', 'ດີ', NULL, '2026-06-12 15:27:19', '2026-06-12 15:27:19'),
(110, 40, 2, '2025-2026', 'ພາກຮຽນທີ 1', 'ສອບເສັງກາງພາກ', 'ພາສາລາວ', 88.00, 100.00, '2026-06-12', 'ດີ', NULL, '2026-06-12 15:27:19', '2026-06-12 15:27:19'),
(111, 40, 2, '2025-2026', 'ພາກຮຽນທີ 1', 'ສອບເສັງກາງພາກ', 'ວິທະຍາສາດ', 58.00, 100.00, '2026-06-12', 'ພໍໃຊ້', NULL, '2026-06-12 15:27:19', '2026-06-12 15:27:19'),
(112, 40, 2, '2025-2026', 'ພາກຮຽນທີ 1', 'ສອບເສັງກາງພາກ', 'ພາສາອັງກິດ', 53.00, 100.00, '2026-06-12', 'ພໍໃຊ້', NULL, '2026-06-12 15:27:19', '2026-06-12 15:27:19'),
(113, 41, 2, '2025-2026', 'ພາກຮຽນທີ 1', 'ສອບເສັງກາງພາກ', 'ຄະນິດສາດ', 58.00, 100.00, '2026-06-12', 'ພໍໃຊ້', NULL, '2026-06-12 15:27:19', '2026-06-12 15:27:19'),
(114, 41, 2, '2025-2026', 'ພາກຮຽນທີ 1', 'ສອບເສັງກາງພາກ', 'ພາສາລາວ', 60.00, 100.00, '2026-06-12', 'ພໍໃຊ້', NULL, '2026-06-12 15:27:19', '2026-06-12 15:27:19'),
(115, 41, 2, '2025-2026', 'ພາກຮຽນທີ 1', 'ສອບເສັງກາງພາກ', 'ວິທະຍາສາດ', 83.00, 100.00, '2026-06-12', 'ດີ', NULL, '2026-06-12 15:27:19', '2026-06-12 15:27:19'),
(116, 41, 2, '2025-2026', 'ພາກຮຽນທີ 1', 'ສອບເສັງກາງພາກ', 'ພາສາອັງກິດ', 79.00, 100.00, '2026-06-12', 'ດີ', NULL, '2026-06-12 15:27:19', '2026-06-12 15:27:19'),
(117, 42, 2, '2025-2026', 'ພາກຮຽນທີ 1', 'ສອບເສັງກາງພາກ', 'ຄະນິດສາດ', 45.00, 100.00, '2026-06-12', 'ພໍໃຊ້', NULL, '2026-06-12 15:27:19', '2026-06-12 15:27:19'),
(118, 42, 2, '2025-2026', 'ພາກຮຽນທີ 1', 'ສອບເສັງກາງພາກ', 'ພາສາລາວ', 55.00, 100.00, '2026-06-12', 'ພໍໃຊ້', NULL, '2026-06-12 15:27:19', '2026-06-12 15:27:19'),
(119, 42, 2, '2025-2026', 'ພາກຮຽນທີ 1', 'ສອບເສັງກາງພາກ', 'ວິທະຍາສາດ', 100.00, 100.00, '2026-06-12', 'ດີເລີດ', NULL, '2026-06-12 15:27:19', '2026-06-12 15:27:19'),
(120, 42, 2, '2025-2026', 'ພາກຮຽນທີ 1', 'ສອບເສັງກາງພາກ', 'ພາສາອັງກິດ', 63.00, 100.00, '2026-06-12', 'ພໍໃຊ້', NULL, '2026-06-12 15:27:19', '2026-06-12 15:27:19'),
(121, 43, 2, '2025-2026', 'ພາກຮຽນທີ 1', 'ສອບເສັງກາງພາກ', 'ຄະນິດສາດ', 54.00, 100.00, '2026-06-12', 'ພໍໃຊ້', NULL, '2026-06-12 15:27:19', '2026-06-12 15:27:19'),
(122, 43, 2, '2025-2026', 'ພາກຮຽນທີ 1', 'ສອບເສັງກາງພາກ', 'ພາສາລາວ', 60.00, 100.00, '2026-06-12', 'ພໍໃຊ້', NULL, '2026-06-12 15:27:19', '2026-06-12 15:27:19'),
(123, 43, 2, '2025-2026', 'ພາກຮຽນທີ 1', 'ສອບເສັງກາງພາກ', 'ວິທະຍາສາດ', 82.00, 100.00, '2026-06-12', 'ດີ', NULL, '2026-06-12 15:27:19', '2026-06-12 15:27:19'),
(124, 43, 2, '2025-2026', 'ພາກຮຽນທີ 1', 'ສອບເສັງກາງພາກ', 'ພາສາອັງກິດ', 46.00, 100.00, '2026-06-12', 'ພໍໃຊ້', NULL, '2026-06-12 15:27:19', '2026-06-12 15:27:19'),
(125, 44, 2, '2025-2026', 'ພາກຮຽນທີ 1', 'ສອບເສັງກາງພາກ', 'ຄະນິດສາດ', 82.00, 100.00, '2026-06-12', 'ດີ', NULL, '2026-06-12 15:27:19', '2026-06-12 15:27:19'),
(126, 44, 2, '2025-2026', 'ພາກຮຽນທີ 1', 'ສອບເສັງກາງພາກ', 'ພາສາລາວ', 98.00, 100.00, '2026-06-12', 'ດີເລີດ', NULL, '2026-06-12 15:27:19', '2026-06-12 15:27:19'),
(127, 44, 2, '2025-2026', 'ພາກຮຽນທີ 1', 'ສອບເສັງກາງພາກ', 'ວິທະຍາສາດ', 47.00, 100.00, '2026-06-12', 'ພໍໃຊ້', NULL, '2026-06-12 15:27:19', '2026-06-12 15:27:19'),
(128, 44, 2, '2025-2026', 'ພາກຮຽນທີ 1', 'ສອບເສັງກາງພາກ', 'ພາສາອັງກິດ', 46.00, 100.00, '2026-06-12', 'ພໍໃຊ້', NULL, '2026-06-12 15:27:19', '2026-06-12 15:27:19'),
(129, 45, 3, '2025-2026', 'ພາກຮຽນທີ 1', 'ສອບເສັງກາງພາກ', 'ຄະນິດສາດ', 59.00, 100.00, '2026-06-12', 'ພໍໃຊ້', NULL, '2026-06-12 15:27:19', '2026-06-12 15:27:19'),
(130, 45, 3, '2025-2026', 'ພາກຮຽນທີ 1', 'ສອບເສັງກາງພາກ', 'ພາສາລາວ', 54.00, 100.00, '2026-06-12', 'ພໍໃຊ້', NULL, '2026-06-12 15:27:19', '2026-06-12 15:27:19'),
(131, 45, 3, '2025-2026', 'ພາກຮຽນທີ 1', 'ສອບເສັງກາງພາກ', 'ວິທະຍາສາດ', 64.00, 100.00, '2026-06-12', 'ພໍໃຊ້', NULL, '2026-06-12 15:27:19', '2026-06-12 15:27:19'),
(132, 45, 3, '2025-2026', 'ພາກຮຽນທີ 1', 'ສອບເສັງກາງພາກ', 'ພາສາອັງກິດ', 81.00, 100.00, '2026-06-12', 'ດີ', NULL, '2026-06-12 15:27:19', '2026-06-12 15:27:19'),
(133, 46, 3, '2025-2026', 'ພາກຮຽນທີ 1', 'ສອບເສັງກາງພາກ', 'ຄະນິດສາດ', 82.00, 100.00, '2026-06-12', 'ດີ', NULL, '2026-06-12 15:27:19', '2026-06-12 15:27:19'),
(134, 46, 3, '2025-2026', 'ພາກຮຽນທີ 1', 'ສອບເສັງກາງພາກ', 'ພາສາລາວ', 74.00, 100.00, '2026-06-12', 'ດີ', NULL, '2026-06-12 15:27:19', '2026-06-12 15:27:19'),
(135, 46, 3, '2025-2026', 'ພາກຮຽນທີ 1', 'ສອບເສັງກາງພາກ', 'ວິທະຍາສາດ', 100.00, 100.00, '2026-06-12', 'ດີເລີດ', NULL, '2026-06-12 15:27:19', '2026-06-12 15:27:19'),
(136, 46, 3, '2025-2026', 'ພາກຮຽນທີ 1', 'ສອບເສັງກາງພາກ', 'ພາສາອັງກິດ', 59.00, 100.00, '2026-06-12', 'ພໍໃຊ້', NULL, '2026-06-12 15:27:19', '2026-06-12 15:27:19'),
(137, 47, 3, '2025-2026', 'ພາກຮຽນທີ 1', 'ສອບເສັງກາງພາກ', 'ຄະນິດສາດ', 87.00, 100.00, '2026-06-12', 'ດີ', NULL, '2026-06-12 15:27:19', '2026-06-12 15:27:19'),
(138, 47, 3, '2025-2026', 'ພາກຮຽນທີ 1', 'ສອບເສັງກາງພາກ', 'ພາສາລາວ', 71.00, 100.00, '2026-06-12', 'ດີ', NULL, '2026-06-12 15:27:19', '2026-06-12 15:27:19'),
(139, 47, 3, '2025-2026', 'ພາກຮຽນທີ 1', 'ສອບເສັງກາງພາກ', 'ວິທະຍາສາດ', 56.00, 100.00, '2026-06-12', 'ພໍໃຊ້', NULL, '2026-06-12 15:27:19', '2026-06-12 15:27:19'),
(140, 47, 3, '2025-2026', 'ພາກຮຽນທີ 1', 'ສອບເສັງກາງພາກ', 'ພາສາອັງກິດ', 87.00, 100.00, '2026-06-12', 'ດີ', NULL, '2026-06-12 15:27:19', '2026-06-12 15:27:19'),
(141, 48, 3, '2025-2026', 'ພາກຮຽນທີ 1', 'ສອບເສັງກາງພາກ', 'ຄະນິດສາດ', 45.00, 100.00, '2026-06-12', 'ພໍໃຊ້', NULL, '2026-06-12 15:27:19', '2026-06-12 15:27:19'),
(142, 48, 3, '2025-2026', 'ພາກຮຽນທີ 1', 'ສອບເສັງກາງພາກ', 'ພາສາລາວ', 96.00, 100.00, '2026-06-12', 'ດີເລີດ', NULL, '2026-06-12 15:27:19', '2026-06-12 15:27:19'),
(143, 48, 3, '2025-2026', 'ພາກຮຽນທີ 1', 'ສອບເສັງກາງພາກ', 'ວິທະຍາສາດ', 76.00, 100.00, '2026-06-12', 'ດີ', NULL, '2026-06-12 15:27:19', '2026-06-12 15:27:19'),
(144, 48, 3, '2025-2026', 'ພາກຮຽນທີ 1', 'ສອບເສັງກາງພາກ', 'ພາສາອັງກິດ', 72.00, 100.00, '2026-06-12', 'ດີ', NULL, '2026-06-12 15:27:19', '2026-06-12 15:27:19'),
(145, 49, 3, '2025-2026', 'ພາກຮຽນທີ 1', 'ສອບເສັງກາງພາກ', 'ຄະນິດສາດ', 62.00, 100.00, '2026-06-12', 'ພໍໃຊ້', NULL, '2026-06-12 15:27:19', '2026-06-12 15:27:19'),
(146, 49, 3, '2025-2026', 'ພາກຮຽນທີ 1', 'ສອບເສັງກາງພາກ', 'ພາສາລາວ', 74.00, 100.00, '2026-06-12', 'ດີ', NULL, '2026-06-12 15:27:19', '2026-06-12 15:27:19'),
(147, 49, 3, '2025-2026', 'ພາກຮຽນທີ 1', 'ສອບເສັງກາງພາກ', 'ວິທະຍາສາດ', 47.00, 100.00, '2026-06-12', 'ພໍໃຊ້', NULL, '2026-06-12 15:27:19', '2026-06-12 15:27:19'),
(148, 49, 3, '2025-2026', 'ພາກຮຽນທີ 1', 'ສອບເສັງກາງພາກ', 'ພາສາອັງກິດ', 48.00, 100.00, '2026-06-12', 'ພໍໃຊ້', NULL, '2026-06-12 15:27:19', '2026-06-12 15:27:19'),
(149, 50, 3, '2025-2026', 'ພາກຮຽນທີ 1', 'ສອບເສັງກາງພາກ', 'ຄະນິດສາດ', 45.00, 100.00, '2026-06-12', 'ພໍໃຊ້', NULL, '2026-06-12 15:27:19', '2026-06-12 15:27:19'),
(150, 50, 3, '2025-2026', 'ພາກຮຽນທີ 1', 'ສອບເສັງກາງພາກ', 'ພາສາລາວ', 84.00, 100.00, '2026-06-12', 'ດີ', NULL, '2026-06-12 15:27:19', '2026-06-12 15:27:19'),
(151, 50, 3, '2025-2026', 'ພາກຮຽນທີ 1', 'ສອບເສັງກາງພາກ', 'ວິທະຍາສາດ', 90.00, 100.00, '2026-06-12', 'ດີເລີດ', NULL, '2026-06-12 15:27:19', '2026-06-12 15:27:19'),
(152, 50, 3, '2025-2026', 'ພາກຮຽນທີ 1', 'ສອບເສັງກາງພາກ', 'ພາສາອັງກິດ', 84.00, 100.00, '2026-06-12', 'ດີ', NULL, '2026-06-12 15:27:19', '2026-06-12 15:27:19'),
(153, 51, 3, '2025-2026', 'ພາກຮຽນທີ 1', 'ສອບເສັງກາງພາກ', 'ຄະນິດສາດ', 47.00, 100.00, '2026-06-12', 'ພໍໃຊ້', NULL, '2026-06-12 15:27:19', '2026-06-12 15:27:19'),
(154, 51, 3, '2025-2026', 'ພາກຮຽນທີ 1', 'ສອບເສັງກາງພາກ', 'ພາສາລາວ', 100.00, 100.00, '2026-06-12', 'ດີເລີດ', NULL, '2026-06-12 15:27:19', '2026-06-12 15:27:19'),
(155, 51, 3, '2025-2026', 'ພາກຮຽນທີ 1', 'ສອບເສັງກາງພາກ', 'ວິທະຍາສາດ', 60.00, 100.00, '2026-06-12', 'ພໍໃຊ້', NULL, '2026-06-12 15:27:19', '2026-06-12 15:27:19'),
(156, 51, 3, '2025-2026', 'ພາກຮຽນທີ 1', 'ສອບເສັງກາງພາກ', 'ພາສາອັງກິດ', 83.00, 100.00, '2026-06-12', 'ດີ', NULL, '2026-06-12 15:27:19', '2026-06-12 15:27:19'),
(157, 52, 3, '2025-2026', 'ພາກຮຽນທີ 1', 'ສອບເສັງກາງພາກ', 'ຄະນິດສາດ', 86.00, 100.00, '2026-06-12', 'ດີ', NULL, '2026-06-12 15:27:19', '2026-06-12 15:27:19'),
(158, 52, 3, '2025-2026', 'ພາກຮຽນທີ 1', 'ສອບເສັງກາງພາກ', 'ພາສາລາວ', 96.00, 100.00, '2026-06-12', 'ດີເລີດ', NULL, '2026-06-12 15:27:19', '2026-06-12 15:27:19'),
(159, 52, 3, '2025-2026', 'ພາກຮຽນທີ 1', 'ສອບເສັງກາງພາກ', 'ວິທະຍາສາດ', 67.00, 100.00, '2026-06-12', 'ພໍໃຊ້', NULL, '2026-06-12 15:27:19', '2026-06-12 15:27:19'),
(160, 52, 3, '2025-2026', 'ພາກຮຽນທີ 1', 'ສອບເສັງກາງພາກ', 'ພາສາອັງກິດ', 76.00, 100.00, '2026-06-12', 'ດີ', NULL, '2026-06-12 15:27:19', '2026-06-12 15:27:19'),
(161, 53, 3, '2025-2026', 'ພາກຮຽນທີ 1', 'ສອບເສັງກາງພາກ', 'ຄະນິດສາດ', 53.00, 100.00, '2026-06-12', 'ພໍໃຊ້', NULL, '2026-06-12 15:27:19', '2026-06-12 15:27:19'),
(162, 53, 3, '2025-2026', 'ພາກຮຽນທີ 1', 'ສອບເສັງກາງພາກ', 'ພາສາລາວ', 79.00, 100.00, '2026-06-12', 'ດີ', NULL, '2026-06-12 15:27:19', '2026-06-12 15:27:19'),
(163, 53, 3, '2025-2026', 'ພາກຮຽນທີ 1', 'ສອບເສັງກາງພາກ', 'ວິທະຍາສາດ', 58.00, 100.00, '2026-06-12', 'ພໍໃຊ້', NULL, '2026-06-12 15:27:19', '2026-06-12 15:27:19'),
(164, 53, 3, '2025-2026', 'ພາກຮຽນທີ 1', 'ສອບເສັງກາງພາກ', 'ພາສາອັງກິດ', 83.00, 100.00, '2026-06-12', 'ດີ', NULL, '2026-06-12 15:27:19', '2026-06-12 15:27:19'),
(165, 54, 3, '2025-2026', 'ພາກຮຽນທີ 1', 'ສອບເສັງກາງພາກ', 'ຄະນິດສາດ', 96.00, 100.00, '2026-06-12', 'ດີເລີດ', NULL, '2026-06-12 15:27:19', '2026-06-12 15:27:19'),
(166, 54, 3, '2025-2026', 'ພາກຮຽນທີ 1', 'ສອບເສັງກາງພາກ', 'ພາສາລາວ', 76.00, 100.00, '2026-06-12', 'ດີ', NULL, '2026-06-12 15:27:19', '2026-06-12 15:27:19'),
(167, 54, 3, '2025-2026', 'ພາກຮຽນທີ 1', 'ສອບເສັງກາງພາກ', 'ວິທະຍາສາດ', 84.00, 100.00, '2026-06-12', 'ດີ', NULL, '2026-06-12 15:27:19', '2026-06-12 15:27:19'),
(168, 54, 3, '2025-2026', 'ພາກຮຽນທີ 1', 'ສອບເສັງກາງພາກ', 'ພາສາອັງກິດ', 100.00, 100.00, '2026-06-12', 'ດີເລີດ', NULL, '2026-06-12 15:27:19', '2026-06-12 15:27:19'),
(169, 55, 4, '2025-2026', 'ພາກຮຽນທີ 1', 'ສອບເສັງກາງພາກ', 'ຄະນິດສາດ', 90.00, 100.00, '2026-06-12', 'ດີເລີດ', NULL, '2026-06-12 15:27:19', '2026-06-12 15:27:19'),
(170, 55, 4, '2025-2026', 'ພາກຮຽນທີ 1', 'ສອບເສັງກາງພາກ', 'ພາສາລາວ', 56.00, 100.00, '2026-06-12', 'ພໍໃຊ້', NULL, '2026-06-12 15:27:19', '2026-06-12 15:27:19'),
(171, 55, 4, '2025-2026', 'ພາກຮຽນທີ 1', 'ສອບເສັງກາງພາກ', 'ວິທະຍາສາດ', 58.00, 100.00, '2026-06-12', 'ພໍໃຊ້', NULL, '2026-06-12 15:27:19', '2026-06-12 15:27:19'),
(172, 55, 4, '2025-2026', 'ພາກຮຽນທີ 1', 'ສອບເສັງກາງພາກ', 'ພາສາອັງກິດ', 75.00, 100.00, '2026-06-12', 'ດີ', NULL, '2026-06-12 15:27:19', '2026-06-12 15:27:19'),
(173, 56, 4, '2025-2026', 'ພາກຮຽນທີ 1', 'ສອບເສັງກາງພາກ', 'ຄະນິດສາດ', 91.00, 100.00, '2026-06-12', 'ດີເລີດ', NULL, '2026-06-12 15:27:19', '2026-06-12 15:27:19'),
(174, 56, 4, '2025-2026', 'ພາກຮຽນທີ 1', 'ສອບເສັງກາງພາກ', 'ພາສາລາວ', 49.00, 100.00, '2026-06-12', 'ພໍໃຊ້', NULL, '2026-06-12 15:27:19', '2026-06-12 15:27:19'),
(175, 56, 4, '2025-2026', 'ພາກຮຽນທີ 1', 'ສອບເສັງກາງພາກ', 'ວິທະຍາສາດ', 67.00, 100.00, '2026-06-12', 'ພໍໃຊ້', NULL, '2026-06-12 15:27:19', '2026-06-12 15:27:19'),
(176, 56, 4, '2025-2026', 'ພາກຮຽນທີ 1', 'ສອບເສັງກາງພາກ', 'ພາສາອັງກິດ', 47.00, 100.00, '2026-06-12', 'ພໍໃຊ້', NULL, '2026-06-12 15:27:19', '2026-06-12 15:27:19'),
(177, 57, 4, '2025-2026', 'ພາກຮຽນທີ 1', 'ສອບເສັງກາງພາກ', 'ຄະນິດສາດ', 83.00, 100.00, '2026-06-12', 'ດີ', NULL, '2026-06-12 15:27:19', '2026-06-12 15:27:19'),
(178, 57, 4, '2025-2026', 'ພາກຮຽນທີ 1', 'ສອບເສັງກາງພາກ', 'ພາສາລາວ', 82.00, 100.00, '2026-06-12', 'ດີ', NULL, '2026-06-12 15:27:19', '2026-06-12 15:27:19'),
(179, 57, 4, '2025-2026', 'ພາກຮຽນທີ 1', 'ສອບເສັງກາງພາກ', 'ວິທະຍາສາດ', 57.00, 100.00, '2026-06-12', 'ພໍໃຊ້', NULL, '2026-06-12 15:27:19', '2026-06-12 15:27:19'),
(180, 57, 4, '2025-2026', 'ພາກຮຽນທີ 1', 'ສອບເສັງກາງພາກ', 'ພາສາອັງກິດ', 69.00, 100.00, '2026-06-12', 'ພໍໃຊ້', NULL, '2026-06-12 15:27:19', '2026-06-12 15:27:19'),
(181, 58, 4, '2025-2026', 'ພາກຮຽນທີ 1', 'ສອບເສັງກາງພາກ', 'ຄະນິດສາດ', 93.00, 100.00, '2026-06-12', 'ດີເລີດ', NULL, '2026-06-12 15:27:19', '2026-06-12 15:27:19'),
(182, 58, 4, '2025-2026', 'ພາກຮຽນທີ 1', 'ສອບເສັງກາງພາກ', 'ພາສາລາວ', 91.00, 100.00, '2026-06-12', 'ດີເລີດ', NULL, '2026-06-12 15:27:19', '2026-06-12 15:27:19'),
(183, 58, 4, '2025-2026', 'ພາກຮຽນທີ 1', 'ສອບເສັງກາງພາກ', 'ວິທະຍາສາດ', 61.00, 100.00, '2026-06-12', 'ພໍໃຊ້', NULL, '2026-06-12 15:27:19', '2026-06-12 15:27:19'),
(184, 58, 4, '2025-2026', 'ພາກຮຽນທີ 1', 'ສອບເສັງກາງພາກ', 'ພາສາອັງກິດ', 94.00, 100.00, '2026-06-12', 'ດີເລີດ', NULL, '2026-06-12 15:27:19', '2026-06-12 15:27:19'),
(185, 59, 4, '2025-2026', 'ພາກຮຽນທີ 1', 'ສອບເສັງກາງພາກ', 'ຄະນິດສາດ', 78.00, 100.00, '2026-06-12', 'ດີ', NULL, '2026-06-12 15:27:19', '2026-06-12 15:27:19'),
(186, 59, 4, '2025-2026', 'ພາກຮຽນທີ 1', 'ສອບເສັງກາງພາກ', 'ພາສາລາວ', 85.00, 100.00, '2026-06-12', 'ດີ', NULL, '2026-06-12 15:27:19', '2026-06-12 15:27:19'),
(187, 59, 4, '2025-2026', 'ພາກຮຽນທີ 1', 'ສອບເສັງກາງພາກ', 'ວິທະຍາສາດ', 98.00, 100.00, '2026-06-12', 'ດີເລີດ', NULL, '2026-06-12 15:27:19', '2026-06-12 15:27:19'),
(188, 59, 4, '2025-2026', 'ພາກຮຽນທີ 1', 'ສອບເສັງກາງພາກ', 'ພາສາອັງກິດ', 46.00, 100.00, '2026-06-12', 'ພໍໃຊ້', NULL, '2026-06-12 15:27:19', '2026-06-12 15:27:19'),
(189, 60, 4, '2025-2026', 'ພາກຮຽນທີ 1', 'ສອບເສັງກາງພາກ', 'ຄະນິດສາດ', 62.00, 100.00, '2026-06-12', 'ພໍໃຊ້', NULL, '2026-06-12 15:27:19', '2026-06-12 15:27:19'),
(190, 60, 4, '2025-2026', 'ພາກຮຽນທີ 1', 'ສອບເສັງກາງພາກ', 'ພາສາລາວ', 53.00, 100.00, '2026-06-12', 'ພໍໃຊ້', NULL, '2026-06-12 15:27:19', '2026-06-12 15:27:19'),
(191, 60, 4, '2025-2026', 'ພາກຮຽນທີ 1', 'ສອບເສັງກາງພາກ', 'ວິທະຍາສາດ', 90.00, 100.00, '2026-06-12', 'ດີເລີດ', NULL, '2026-06-12 15:27:19', '2026-06-12 15:27:19'),
(192, 60, 4, '2025-2026', 'ພາກຮຽນທີ 1', 'ສອບເສັງກາງພາກ', 'ພາສາອັງກິດ', 66.00, 100.00, '2026-06-12', 'ພໍໃຊ້', NULL, '2026-06-12 15:27:19', '2026-06-12 15:27:19'),
(193, 61, 4, '2025-2026', 'ພາກຮຽນທີ 1', 'ສອບເສັງກາງພາກ', 'ຄະນິດສາດ', 60.00, 100.00, '2026-06-12', 'ພໍໃຊ້', NULL, '2026-06-12 15:27:19', '2026-06-12 15:27:19'),
(194, 61, 4, '2025-2026', 'ພາກຮຽນທີ 1', 'ສອບເສັງກາງພາກ', 'ພາສາລາວ', 98.00, 100.00, '2026-06-12', 'ດີເລີດ', NULL, '2026-06-12 15:27:19', '2026-06-12 15:27:19'),
(195, 61, 4, '2025-2026', 'ພາກຮຽນທີ 1', 'ສອບເສັງກາງພາກ', 'ວິທະຍາສາດ', 76.00, 100.00, '2026-06-12', 'ດີ', NULL, '2026-06-12 15:27:19', '2026-06-12 15:27:19'),
(196, 61, 4, '2025-2026', 'ພາກຮຽນທີ 1', 'ສອບເສັງກາງພາກ', 'ພາສາອັງກິດ', 52.00, 100.00, '2026-06-12', 'ພໍໃຊ້', NULL, '2026-06-12 15:27:19', '2026-06-12 15:27:19'),
(197, 62, 4, '2025-2026', 'ພາກຮຽນທີ 1', 'ສອບເສັງກາງພາກ', 'ຄະນິດສາດ', 99.00, 100.00, '2026-06-12', 'ດີເລີດ', NULL, '2026-06-12 15:27:19', '2026-06-12 15:27:19'),
(198, 62, 4, '2025-2026', 'ພາກຮຽນທີ 1', 'ສອບເສັງກາງພາກ', 'ພາສາລາວ', 46.00, 100.00, '2026-06-12', 'ພໍໃຊ້', NULL, '2026-06-12 15:27:19', '2026-06-12 15:27:19'),
(199, 62, 4, '2025-2026', 'ພາກຮຽນທີ 1', 'ສອບເສັງກາງພາກ', 'ວິທະຍາສາດ', 79.00, 100.00, '2026-06-12', 'ດີ', NULL, '2026-06-12 15:27:19', '2026-06-12 15:27:19'),
(200, 62, 4, '2025-2026', 'ພາກຮຽນທີ 1', 'ສອບເສັງກາງພາກ', 'ພາສາອັງກິດ', 74.00, 100.00, '2026-06-12', 'ດີ', NULL, '2026-06-12 15:27:19', '2026-06-12 15:27:19'),
(201, 63, 4, '2025-2026', 'ພາກຮຽນທີ 1', 'ສອບເສັງກາງພາກ', 'ຄະນິດສາດ', 85.00, 100.00, '2026-06-12', 'ດີ', NULL, '2026-06-12 15:27:19', '2026-06-12 15:27:19'),
(202, 63, 4, '2025-2026', 'ພາກຮຽນທີ 1', 'ສອບເສັງກາງພາກ', 'ພາສາລາວ', 76.00, 100.00, '2026-06-12', 'ດີ', NULL, '2026-06-12 15:27:19', '2026-06-12 15:27:19'),
(203, 63, 4, '2025-2026', 'ພາກຮຽນທີ 1', 'ສອບເສັງກາງພາກ', 'ວິທະຍາສາດ', 65.00, 100.00, '2026-06-12', 'ພໍໃຊ້', NULL, '2026-06-12 15:27:19', '2026-06-12 15:27:19'),
(204, 63, 4, '2025-2026', 'ພາກຮຽນທີ 1', 'ສອບເສັງກາງພາກ', 'ພາສາອັງກິດ', 81.00, 100.00, '2026-06-12', 'ດີ', NULL, '2026-06-12 15:27:19', '2026-06-12 15:27:19'),
(205, 64, 4, '2025-2026', 'ພາກຮຽນທີ 1', 'ສອບເສັງກາງພາກ', 'ຄະນິດສາດ', 94.00, 100.00, '2026-06-12', 'ດີເລີດ', NULL, '2026-06-12 15:27:19', '2026-06-12 15:27:19'),
(206, 64, 4, '2025-2026', 'ພາກຮຽນທີ 1', 'ສອບເສັງກາງພາກ', 'ພາສາລາວ', 82.00, 100.00, '2026-06-12', 'ດີ', NULL, '2026-06-12 15:27:19', '2026-06-12 15:27:19'),
(207, 64, 4, '2025-2026', 'ພາກຮຽນທີ 1', 'ສອບເສັງກາງພາກ', 'ວິທະຍາສາດ', 68.00, 100.00, '2026-06-12', 'ພໍໃຊ້', NULL, '2026-06-12 15:27:19', '2026-06-12 15:27:19'),
(208, 64, 4, '2025-2026', 'ພາກຮຽນທີ 1', 'ສອບເສັງກາງພາກ', 'ພາສາອັງກິດ', 89.00, 100.00, '2026-06-12', 'ດີ', NULL, '2026-06-12 15:27:19', '2026-06-12 15:27:19'),
(209, 65, 5, '2025-2026', 'ພາກຮຽນທີ 1', 'ສອບເສັງກາງພາກ', 'ຄະນິດສາດ', 88.00, 100.00, '2026-06-12', 'ດີ', NULL, '2026-06-12 15:27:19', '2026-06-12 15:27:19'),
(210, 65, 5, '2025-2026', 'ພາກຮຽນທີ 1', 'ສອບເສັງກາງພາກ', 'ພາສາລາວ', 60.00, 100.00, '2026-06-12', 'ພໍໃຊ້', NULL, '2026-06-12 15:27:19', '2026-06-12 15:27:19'),
(211, 65, 5, '2025-2026', 'ພາກຮຽນທີ 1', 'ສອບເສັງກາງພາກ', 'ວິທະຍາສາດ', 99.00, 100.00, '2026-06-12', 'ດີເລີດ', NULL, '2026-06-12 15:27:19', '2026-06-12 15:27:19'),
(212, 65, 5, '2025-2026', 'ພາກຮຽນທີ 1', 'ສອບເສັງກາງພາກ', 'ພາສາອັງກິດ', 92.00, 100.00, '2026-06-12', 'ດີເລີດ', NULL, '2026-06-12 15:27:19', '2026-06-12 15:27:19'),
(213, 66, 5, '2025-2026', 'ພາກຮຽນທີ 1', 'ສອບເສັງກາງພາກ', 'ຄະນິດສາດ', 65.00, 100.00, '2026-06-12', 'ພໍໃຊ້', NULL, '2026-06-12 15:27:19', '2026-06-12 15:27:19'),
(214, 66, 5, '2025-2026', 'ພາກຮຽນທີ 1', 'ສອບເສັງກາງພາກ', 'ພາສາລາວ', 66.00, 100.00, '2026-06-12', 'ພໍໃຊ້', NULL, '2026-06-12 15:27:19', '2026-06-12 15:27:19'),
(215, 66, 5, '2025-2026', 'ພາກຮຽນທີ 1', 'ສອບເສັງກາງພາກ', 'ວິທະຍາສາດ', 86.00, 100.00, '2026-06-12', 'ດີ', NULL, '2026-06-12 15:27:19', '2026-06-12 15:27:19'),
(216, 66, 5, '2025-2026', 'ພາກຮຽນທີ 1', 'ສອບເສັງກາງພາກ', 'ພາສາອັງກິດ', 86.00, 100.00, '2026-06-12', 'ດີ', NULL, '2026-06-12 15:27:19', '2026-06-12 15:27:19'),
(217, 67, 5, '2025-2026', 'ພາກຮຽນທີ 1', 'ສອບເສັງກາງພາກ', 'ຄະນິດສາດ', 56.00, 100.00, '2026-06-12', 'ພໍໃຊ້', NULL, '2026-06-12 15:27:19', '2026-06-12 15:27:19'),
(218, 67, 5, '2025-2026', 'ພາກຮຽນທີ 1', 'ສອບເສັງກາງພາກ', 'ພາສາລາວ', 87.00, 100.00, '2026-06-12', 'ດີ', NULL, '2026-06-12 15:27:19', '2026-06-12 15:27:19'),
(219, 67, 5, '2025-2026', 'ພາກຮຽນທີ 1', 'ສອບເສັງກາງພາກ', 'ວິທະຍາສາດ', 100.00, 100.00, '2026-06-12', 'ດີເລີດ', NULL, '2026-06-12 15:27:19', '2026-06-12 15:27:19'),
(220, 67, 5, '2025-2026', 'ພາກຮຽນທີ 1', 'ສອບເສັງກາງພາກ', 'ພາສາອັງກິດ', 89.00, 100.00, '2026-06-12', 'ດີ', NULL, '2026-06-12 15:27:19', '2026-06-12 15:27:19'),
(221, 68, 5, '2025-2026', 'ພາກຮຽນທີ 1', 'ສອບເສັງກາງພາກ', 'ຄະນິດສາດ', 75.00, 100.00, '2026-06-12', 'ດີ', NULL, '2026-06-12 15:27:19', '2026-06-12 15:27:19'),
(222, 68, 5, '2025-2026', 'ພາກຮຽນທີ 1', 'ສອບເສັງກາງພາກ', 'ພາສາລາວ', 49.00, 100.00, '2026-06-12', 'ພໍໃຊ້', NULL, '2026-06-12 15:27:19', '2026-06-12 15:27:19'),
(223, 68, 5, '2025-2026', 'ພາກຮຽນທີ 1', 'ສອບເສັງກາງພາກ', 'ວິທະຍາສາດ', 51.00, 100.00, '2026-06-12', 'ພໍໃຊ້', NULL, '2026-06-12 15:27:19', '2026-06-12 15:27:19'),
(224, 68, 5, '2025-2026', 'ພາກຮຽນທີ 1', 'ສອບເສັງກາງພາກ', 'ພາສາອັງກິດ', 59.00, 100.00, '2026-06-12', 'ພໍໃຊ້', NULL, '2026-06-12 15:27:19', '2026-06-12 15:27:19'),
(225, 69, 5, '2025-2026', 'ພາກຮຽນທີ 1', 'ສອບເສັງກາງພາກ', 'ຄະນິດສາດ', 61.00, 100.00, '2026-06-12', 'ພໍໃຊ້', NULL, '2026-06-12 15:27:19', '2026-06-12 15:27:19'),
(226, 69, 5, '2025-2026', 'ພາກຮຽນທີ 1', 'ສອບເສັງກາງພາກ', 'ພາສາລາວ', 77.00, 100.00, '2026-06-12', 'ດີ', NULL, '2026-06-12 15:27:19', '2026-06-12 15:27:19'),
(227, 69, 5, '2025-2026', 'ພາກຮຽນທີ 1', 'ສອບເສັງກາງພາກ', 'ວິທະຍາສາດ', 56.00, 100.00, '2026-06-12', 'ພໍໃຊ້', NULL, '2026-06-12 15:27:19', '2026-06-12 15:27:19'),
(228, 69, 5, '2025-2026', 'ພາກຮຽນທີ 1', 'ສອບເສັງກາງພາກ', 'ພາສາອັງກິດ', 68.00, 100.00, '2026-06-12', 'ພໍໃຊ້', NULL, '2026-06-12 15:27:19', '2026-06-12 15:27:19'),
(229, 70, 5, '2025-2026', 'ພາກຮຽນທີ 1', 'ສອບເສັງກາງພາກ', 'ຄະນິດສາດ', 76.00, 100.00, '2026-06-12', 'ດີ', NULL, '2026-06-12 15:27:19', '2026-06-12 15:27:19'),
(230, 70, 5, '2025-2026', 'ພາກຮຽນທີ 1', 'ສອບເສັງກາງພາກ', 'ພາສາລາວ', 81.00, 100.00, '2026-06-12', 'ດີ', NULL, '2026-06-12 15:27:19', '2026-06-12 15:27:19'),
(231, 70, 5, '2025-2026', 'ພາກຮຽນທີ 1', 'ສອບເສັງກາງພາກ', 'ວິທະຍາສາດ', 51.00, 100.00, '2026-06-12', 'ພໍໃຊ້', NULL, '2026-06-12 15:27:19', '2026-06-12 15:27:19'),
(232, 70, 5, '2025-2026', 'ພາກຮຽນທີ 1', 'ສອບເສັງກາງພາກ', 'ພາສາອັງກິດ', 46.00, 100.00, '2026-06-12', 'ພໍໃຊ້', NULL, '2026-06-12 15:27:19', '2026-06-12 15:27:19'),
(233, 71, 5, '2025-2026', 'ພາກຮຽນທີ 1', 'ສອບເສັງກາງພາກ', 'ຄະນິດສາດ', 64.00, 100.00, '2026-06-12', 'ພໍໃຊ້', NULL, '2026-06-12 15:27:19', '2026-06-12 15:27:19'),
(234, 71, 5, '2025-2026', 'ພາກຮຽນທີ 1', 'ສອບເສັງກາງພາກ', 'ພາສາລາວ', 54.00, 100.00, '2026-06-12', 'ພໍໃຊ້', NULL, '2026-06-12 15:27:19', '2026-06-12 15:27:19'),
(235, 71, 5, '2025-2026', 'ພາກຮຽນທີ 1', 'ສອບເສັງກາງພາກ', 'ວິທະຍາສາດ', 61.00, 100.00, '2026-06-12', 'ພໍໃຊ້', NULL, '2026-06-12 15:27:19', '2026-06-12 15:27:19'),
(236, 71, 5, '2025-2026', 'ພາກຮຽນທີ 1', 'ສອບເສັງກາງພາກ', 'ພາສາອັງກິດ', 72.00, 100.00, '2026-06-12', 'ດີ', NULL, '2026-06-12 15:27:19', '2026-06-12 15:27:19'),
(237, 72, 5, '2025-2026', 'ພາກຮຽນທີ 1', 'ສອບເສັງກາງພາກ', 'ຄະນິດສາດ', 93.00, 100.00, '2026-06-12', 'ດີເລີດ', NULL, '2026-06-12 15:27:19', '2026-06-12 15:27:19'),
(238, 72, 5, '2025-2026', 'ພາກຮຽນທີ 1', 'ສອບເສັງກາງພາກ', 'ພາສາລາວ', 53.00, 100.00, '2026-06-12', 'ພໍໃຊ້', NULL, '2026-06-12 15:27:19', '2026-06-12 15:27:19'),
(239, 72, 5, '2025-2026', 'ພາກຮຽນທີ 1', 'ສອບເສັງກາງພາກ', 'ວິທະຍາສາດ', 62.00, 100.00, '2026-06-12', 'ພໍໃຊ້', NULL, '2026-06-12 15:27:19', '2026-06-12 15:27:19'),
(240, 72, 5, '2025-2026', 'ພາກຮຽນທີ 1', 'ສອບເສັງກາງພາກ', 'ພາສາອັງກິດ', 79.00, 100.00, '2026-06-12', 'ດີ', NULL, '2026-06-12 15:27:19', '2026-06-12 15:27:19'),
(241, 73, 5, '2025-2026', 'ພາກຮຽນທີ 1', 'ສອບເສັງກາງພາກ', 'ຄະນິດສາດ', 61.00, 100.00, '2026-06-12', 'ພໍໃຊ້', NULL, '2026-06-12 15:27:19', '2026-06-12 15:27:19'),
(242, 73, 5, '2025-2026', 'ພາກຮຽນທີ 1', 'ສອບເສັງກາງພາກ', 'ພາສາລາວ', 50.00, 100.00, '2026-06-12', 'ພໍໃຊ້', NULL, '2026-06-12 15:27:19', '2026-06-12 15:27:19'),
(243, 73, 5, '2025-2026', 'ພາກຮຽນທີ 1', 'ສອບເສັງກາງພາກ', 'ວິທະຍາສາດ', 58.00, 100.00, '2026-06-12', 'ພໍໃຊ້', NULL, '2026-06-12 15:27:19', '2026-06-12 15:27:19'),
(244, 73, 5, '2025-2026', 'ພາກຮຽນທີ 1', 'ສອບເສັງກາງພາກ', 'ພາສາອັງກິດ', 55.00, 100.00, '2026-06-12', 'ພໍໃຊ້', NULL, '2026-06-12 15:27:19', '2026-06-12 15:27:19'),
(245, 74, 5, '2025-2026', 'ພາກຮຽນທີ 1', 'ສອບເສັງກາງພາກ', 'ຄະນິດສາດ', 45.00, 100.00, '2026-06-12', 'ພໍໃຊ້', NULL, '2026-06-12 15:27:19', '2026-06-12 15:27:19'),
(246, 74, 5, '2025-2026', 'ພາກຮຽນທີ 1', 'ສອບເສັງກາງພາກ', 'ພາສາລາວ', 89.00, 100.00, '2026-06-12', 'ດີ', NULL, '2026-06-12 15:27:19', '2026-06-12 15:27:19'),
(247, 74, 5, '2025-2026', 'ພາກຮຽນທີ 1', 'ສອບເສັງກາງພາກ', 'ວິທະຍາສາດ', 56.00, 100.00, '2026-06-12', 'ພໍໃຊ້', NULL, '2026-06-12 15:27:19', '2026-06-12 15:27:19'),
(248, 74, 5, '2025-2026', 'ພາກຮຽນທີ 1', 'ສອບເສັງກາງພາກ', 'ພາສາອັງກິດ', 91.00, 100.00, '2026-06-12', 'ດີເລີດ', NULL, '2026-06-12 15:27:19', '2026-06-12 15:27:19'),
(249, 75, 6, '2025-2026', 'ພາກຮຽນທີ 1', 'ສອບເສັງກາງພາກ', 'ຄະນິດສາດ', 86.00, 100.00, '2026-06-12', 'ດີ', NULL, '2026-06-12 15:27:19', '2026-06-12 15:27:19'),
(250, 75, 6, '2025-2026', 'ພາກຮຽນທີ 1', 'ສອບເສັງກາງພາກ', 'ພາສາລາວ', 85.00, 100.00, '2026-06-12', 'ດີ', NULL, '2026-06-12 15:27:19', '2026-06-12 15:27:19'),
(251, 75, 6, '2025-2026', 'ພາກຮຽນທີ 1', 'ສອບເສັງກາງພາກ', 'ວິທະຍາສາດ', 95.00, 100.00, '2026-06-12', 'ດີເລີດ', NULL, '2026-06-12 15:27:19', '2026-06-12 15:27:19'),
(252, 75, 6, '2025-2026', 'ພາກຮຽນທີ 1', 'ສອບເສັງກາງພາກ', 'ພາສາອັງກິດ', 68.00, 100.00, '2026-06-12', 'ພໍໃຊ້', NULL, '2026-06-12 15:27:19', '2026-06-12 15:27:19'),
(253, 76, 6, '2025-2026', 'ພາກຮຽນທີ 1', 'ສອບເສັງກາງພາກ', 'ຄະນິດສາດ', 46.00, 100.00, '2026-06-12', 'ພໍໃຊ້', NULL, '2026-06-12 15:27:19', '2026-06-12 15:27:19'),
(254, 76, 6, '2025-2026', 'ພາກຮຽນທີ 1', 'ສອບເສັງກາງພາກ', 'ພາສາລາວ', 92.00, 100.00, '2026-06-12', 'ດີເລີດ', NULL, '2026-06-12 15:27:19', '2026-06-12 15:27:19'),
(255, 76, 6, '2025-2026', 'ພາກຮຽນທີ 1', 'ສອບເສັງກາງພາກ', 'ວິທະຍາສາດ', 62.00, 100.00, '2026-06-12', 'ພໍໃຊ້', NULL, '2026-06-12 15:27:19', '2026-06-12 15:27:19'),
(256, 76, 6, '2025-2026', 'ພາກຮຽນທີ 1', 'ສອບເສັງກາງພາກ', 'ພາສາອັງກິດ', 96.00, 100.00, '2026-06-12', 'ດີເລີດ', NULL, '2026-06-12 15:27:19', '2026-06-12 15:27:19'),
(257, 77, 6, '2025-2026', 'ພາກຮຽນທີ 1', 'ສອບເສັງກາງພາກ', 'ຄະນິດສາດ', 94.00, 100.00, '2026-06-12', 'ດີເລີດ', NULL, '2026-06-12 15:27:19', '2026-06-12 15:27:19'),
(258, 77, 6, '2025-2026', 'ພາກຮຽນທີ 1', 'ສອບເສັງກາງພາກ', 'ພາສາລາວ', 58.00, 100.00, '2026-06-12', 'ພໍໃຊ້', NULL, '2026-06-12 15:27:19', '2026-06-12 15:27:19'),
(259, 77, 6, '2025-2026', 'ພາກຮຽນທີ 1', 'ສອບເສັງກາງພາກ', 'ວິທະຍາສາດ', 63.00, 100.00, '2026-06-12', 'ພໍໃຊ້', NULL, '2026-06-12 15:27:19', '2026-06-12 15:27:19'),
(260, 77, 6, '2025-2026', 'ພາກຮຽນທີ 1', 'ສອບເສັງກາງພາກ', 'ພາສາອັງກິດ', 88.00, 100.00, '2026-06-12', 'ດີ', NULL, '2026-06-12 15:27:19', '2026-06-12 15:27:19'),
(261, 78, 6, '2025-2026', 'ພາກຮຽນທີ 1', 'ສອບເສັງກາງພາກ', 'ຄະນິດສາດ', 53.00, 100.00, '2026-06-12', 'ພໍໃຊ້', NULL, '2026-06-12 15:27:19', '2026-06-12 15:27:19'),
(262, 78, 6, '2025-2026', 'ພາກຮຽນທີ 1', 'ສອບເສັງກາງພາກ', 'ພາສາລາວ', 95.00, 100.00, '2026-06-12', 'ດີເລີດ', NULL, '2026-06-12 15:27:19', '2026-06-12 15:27:19'),
(263, 78, 6, '2025-2026', 'ພາກຮຽນທີ 1', 'ສອບເສັງກາງພາກ', 'ວິທະຍາສາດ', 69.00, 100.00, '2026-06-12', 'ພໍໃຊ້', NULL, '2026-06-12 15:27:19', '2026-06-12 15:27:19'),
(264, 78, 6, '2025-2026', 'ພາກຮຽນທີ 1', 'ສອບເສັງກາງພາກ', 'ພາສາອັງກິດ', 79.00, 100.00, '2026-06-12', 'ດີ', NULL, '2026-06-12 15:27:19', '2026-06-12 15:27:19'),
(265, 79, 6, '2025-2026', 'ພາກຮຽນທີ 1', 'ສອບເສັງກາງພາກ', 'ຄະນິດສາດ', 80.00, 100.00, '2026-06-12', 'ດີ', NULL, '2026-06-12 15:27:19', '2026-06-12 15:27:19'),
(266, 79, 6, '2025-2026', 'ພາກຮຽນທີ 1', 'ສອບເສັງກາງພາກ', 'ພາສາລາວ', 53.00, 100.00, '2026-06-12', 'ພໍໃຊ້', NULL, '2026-06-12 15:27:19', '2026-06-12 15:27:19'),
(267, 79, 6, '2025-2026', 'ພາກຮຽນທີ 1', 'ສອບເສັງກາງພາກ', 'ວິທະຍາສາດ', 68.00, 100.00, '2026-06-12', 'ພໍໃຊ້', NULL, '2026-06-12 15:27:19', '2026-06-12 15:27:19'),
(268, 79, 6, '2025-2026', 'ພາກຮຽນທີ 1', 'ສອບເສັງກາງພາກ', 'ພາສາອັງກິດ', 64.00, 100.00, '2026-06-12', 'ພໍໃຊ້', NULL, '2026-06-12 15:27:19', '2026-06-12 15:27:19'),
(269, 80, 6, '2025-2026', 'ພາກຮຽນທີ 1', 'ສອບເສັງກາງພາກ', 'ຄະນິດສາດ', 93.00, 100.00, '2026-06-12', 'ດີເລີດ', NULL, '2026-06-12 15:27:19', '2026-06-12 15:27:19'),
(270, 80, 6, '2025-2026', 'ພາກຮຽນທີ 1', 'ສອບເສັງກາງພາກ', 'ພາສາລາວ', 78.00, 100.00, '2026-06-12', 'ດີ', NULL, '2026-06-12 15:27:19', '2026-06-12 15:27:19'),
(271, 80, 6, '2025-2026', 'ພາກຮຽນທີ 1', 'ສອບເສັງກາງພາກ', 'ວິທະຍາສາດ', 64.00, 100.00, '2026-06-12', 'ພໍໃຊ້', NULL, '2026-06-12 15:27:19', '2026-06-12 15:27:19'),
(272, 80, 6, '2025-2026', 'ພາກຮຽນທີ 1', 'ສອບເສັງກາງພາກ', 'ພາສາອັງກິດ', 53.00, 100.00, '2026-06-12', 'ພໍໃຊ້', NULL, '2026-06-12 15:27:19', '2026-06-12 15:27:19'),
(273, 81, 6, '2025-2026', 'ພາກຮຽນທີ 1', 'ສອບເສັງກາງພາກ', 'ຄະນິດສາດ', 67.00, 100.00, '2026-06-12', 'ພໍໃຊ້', NULL, '2026-06-12 15:27:19', '2026-06-12 15:27:19'),
(274, 81, 6, '2025-2026', 'ພາກຮຽນທີ 1', 'ສອບເສັງກາງພາກ', 'ພາສາລາວ', 70.00, 100.00, '2026-06-12', 'ດີ', NULL, '2026-06-12 15:27:19', '2026-06-12 15:27:19'),
(275, 81, 6, '2025-2026', 'ພາກຮຽນທີ 1', 'ສອບເສັງກາງພາກ', 'ວິທະຍາສາດ', 45.00, 100.00, '2026-06-12', 'ພໍໃຊ້', NULL, '2026-06-12 15:27:19', '2026-06-12 15:27:19'),
(276, 81, 6, '2025-2026', 'ພາກຮຽນທີ 1', 'ສອບເສັງກາງພາກ', 'ພາສາອັງກິດ', 62.00, 100.00, '2026-06-12', 'ພໍໃຊ້', NULL, '2026-06-12 15:27:19', '2026-06-12 15:27:19'),
(277, 82, 6, '2025-2026', 'ພາກຮຽນທີ 1', 'ສອບເສັງກາງພາກ', 'ຄະນິດສາດ', 81.00, 100.00, '2026-06-12', 'ດີ', NULL, '2026-06-12 15:27:19', '2026-06-12 15:27:19'),
(278, 82, 6, '2025-2026', 'ພາກຮຽນທີ 1', 'ສອບເສັງກາງພາກ', 'ພາສາລາວ', 86.00, 100.00, '2026-06-12', 'ດີ', NULL, '2026-06-12 15:27:19', '2026-06-12 15:27:19'),
(279, 82, 6, '2025-2026', 'ພາກຮຽນທີ 1', 'ສອບເສັງກາງພາກ', 'ວິທະຍາສາດ', 83.00, 100.00, '2026-06-12', 'ດີ', NULL, '2026-06-12 15:27:19', '2026-06-12 15:27:19'),
(280, 82, 6, '2025-2026', 'ພາກຮຽນທີ 1', 'ສອບເສັງກາງພາກ', 'ພາສາອັງກິດ', 67.00, 100.00, '2026-06-12', 'ພໍໃຊ້', NULL, '2026-06-12 15:27:19', '2026-06-12 15:27:19'),
(281, 83, 6, '2025-2026', 'ພາກຮຽນທີ 1', 'ສອບເສັງກາງພາກ', 'ຄະນິດສາດ', 94.00, 100.00, '2026-06-12', 'ດີເລີດ', NULL, '2026-06-12 15:27:19', '2026-06-12 15:27:19'),
(282, 83, 6, '2025-2026', 'ພາກຮຽນທີ 1', 'ສອບເສັງກາງພາກ', 'ພາສາລາວ', 97.00, 100.00, '2026-06-12', 'ດີເລີດ', NULL, '2026-06-12 15:27:19', '2026-06-12 15:27:19'),
(283, 83, 6, '2025-2026', 'ພາກຮຽນທີ 1', 'ສອບເສັງກາງພາກ', 'ວິທະຍາສາດ', 98.00, 100.00, '2026-06-12', 'ດີເລີດ', NULL, '2026-06-12 15:27:19', '2026-06-12 15:27:19'),
(284, 83, 6, '2025-2026', 'ພາກຮຽນທີ 1', 'ສອບເສັງກາງພາກ', 'ພາສາອັງກິດ', 80.00, 100.00, '2026-06-12', 'ດີ', NULL, '2026-06-12 15:27:19', '2026-06-12 15:27:19'),
(285, 84, 6, '2025-2026', 'ພາກຮຽນທີ 1', 'ສອບເສັງກາງພາກ', 'ຄະນິດສາດ', 51.00, 100.00, '2026-06-12', 'ພໍໃຊ້', NULL, '2026-06-12 15:27:19', '2026-06-12 15:27:19'),
(286, 84, 6, '2025-2026', 'ພາກຮຽນທີ 1', 'ສອບເສັງກາງພາກ', 'ພາສາລາວ', 76.00, 100.00, '2026-06-12', 'ດີ', NULL, '2026-06-12 15:27:19', '2026-06-12 15:27:19'),
(287, 84, 6, '2025-2026', 'ພາກຮຽນທີ 1', 'ສອບເສັງກາງພາກ', 'ວິທະຍາສາດ', 92.00, 100.00, '2026-06-12', 'ດີເລີດ', NULL, '2026-06-12 15:27:19', '2026-06-12 15:27:19'),
(288, 84, 6, '2025-2026', 'ພາກຮຽນທີ 1', 'ສອບເສັງກາງພາກ', 'ພາສາອັງກິດ', 93.00, 100.00, '2026-06-12', 'ດີເລີດ', NULL, '2026-06-12 15:27:19', '2026-06-12 15:27:19'),
(289, 85, 7, '2025-2026', 'ພາກຮຽນທີ 1', 'ສອບເສັງກາງພາກ', 'ຄະນິດສາດ', 85.00, 100.00, '2026-06-12', 'ດີ', NULL, '2026-06-12 15:27:19', '2026-06-12 15:27:19'),
(290, 85, 7, '2025-2026', 'ພາກຮຽນທີ 1', 'ສອບເສັງກາງພາກ', 'ພາສາລາວ', 66.00, 100.00, '2026-06-12', 'ພໍໃຊ້', NULL, '2026-06-12 15:27:19', '2026-06-12 15:27:19'),
(291, 85, 7, '2025-2026', 'ພາກຮຽນທີ 1', 'ສອບເສັງກາງພາກ', 'ວິທະຍາສາດ', 77.00, 100.00, '2026-06-12', 'ດີ', NULL, '2026-06-12 15:27:19', '2026-06-12 15:27:19'),
(292, 85, 7, '2025-2026', 'ພາກຮຽນທີ 1', 'ສອບເສັງກາງພາກ', 'ພາສາອັງກິດ', 45.00, 100.00, '2026-06-12', 'ພໍໃຊ້', NULL, '2026-06-12 15:27:19', '2026-06-12 15:27:19'),
(293, 86, 7, '2025-2026', 'ພາກຮຽນທີ 1', 'ສອບເສັງກາງພາກ', 'ຄະນິດສາດ', 69.00, 100.00, '2026-06-12', 'ພໍໃຊ້', NULL, '2026-06-12 15:27:19', '2026-06-12 15:27:19'),
(294, 86, 7, '2025-2026', 'ພາກຮຽນທີ 1', 'ສອບເສັງກາງພາກ', 'ພາສາລາວ', 94.00, 100.00, '2026-06-12', 'ດີເລີດ', NULL, '2026-06-12 15:27:19', '2026-06-12 15:27:19'),
(295, 86, 7, '2025-2026', 'ພາກຮຽນທີ 1', 'ສອບເສັງກາງພາກ', 'ວິທະຍາສາດ', 98.00, 100.00, '2026-06-12', 'ດີເລີດ', NULL, '2026-06-12 15:27:19', '2026-06-12 15:27:19'),
(296, 86, 7, '2025-2026', 'ພາກຮຽນທີ 1', 'ສອບເສັງກາງພາກ', 'ພາສາອັງກິດ', 79.00, 100.00, '2026-06-12', 'ດີ', NULL, '2026-06-12 15:27:19', '2026-06-12 15:27:19'),
(297, 87, 7, '2025-2026', 'ພາກຮຽນທີ 1', 'ສອບເສັງກາງພາກ', 'ຄະນິດສາດ', 47.00, 100.00, '2026-06-12', 'ພໍໃຊ້', NULL, '2026-06-12 15:27:19', '2026-06-12 15:27:19'),
(298, 87, 7, '2025-2026', 'ພາກຮຽນທີ 1', 'ສອບເສັງກາງພາກ', 'ພາສາລາວ', 64.00, 100.00, '2026-06-12', 'ພໍໃຊ້', NULL, '2026-06-12 15:27:19', '2026-06-12 15:27:19'),
(299, 87, 7, '2025-2026', 'ພາກຮຽນທີ 1', 'ສອບເສັງກາງພາກ', 'ວິທະຍາສາດ', 76.00, 100.00, '2026-06-12', 'ດີ', NULL, '2026-06-12 15:27:19', '2026-06-12 15:27:19'),
(300, 87, 7, '2025-2026', 'ພາກຮຽນທີ 1', 'ສອບເສັງກາງພາກ', 'ພາສາອັງກິດ', 65.00, 100.00, '2026-06-12', 'ພໍໃຊ້', NULL, '2026-06-12 15:27:19', '2026-06-12 15:27:19'),
(301, 88, 7, '2025-2026', 'ພາກຮຽນທີ 1', 'ສອບເສັງກາງພາກ', 'ຄະນິດສາດ', 90.00, 100.00, '2026-06-12', 'ດີເລີດ', NULL, '2026-06-12 15:27:19', '2026-06-12 15:27:19'),
(302, 88, 7, '2025-2026', 'ພາກຮຽນທີ 1', 'ສອບເສັງກາງພາກ', 'ພາສາລາວ', 89.00, 100.00, '2026-06-12', 'ດີ', NULL, '2026-06-12 15:27:19', '2026-06-12 15:27:19'),
(303, 88, 7, '2025-2026', 'ພາກຮຽນທີ 1', 'ສອບເສັງກາງພາກ', 'ວິທະຍາສາດ', 47.00, 100.00, '2026-06-12', 'ພໍໃຊ້', NULL, '2026-06-12 15:27:19', '2026-06-12 15:27:19'),
(304, 88, 7, '2025-2026', 'ພາກຮຽນທີ 1', 'ສອບເສັງກາງພາກ', 'ພາສາອັງກິດ', 99.00, 100.00, '2026-06-12', 'ດີເລີດ', NULL, '2026-06-12 15:27:19', '2026-06-12 15:27:19'),
(305, 89, 7, '2025-2026', 'ພາກຮຽນທີ 1', 'ສອບເສັງກາງພາກ', 'ຄະນິດສາດ', 99.00, 100.00, '2026-06-12', 'ດີເລີດ', NULL, '2026-06-12 15:27:19', '2026-06-12 15:27:19'),
(306, 89, 7, '2025-2026', 'ພາກຮຽນທີ 1', 'ສອບເສັງກາງພາກ', 'ພາສາລາວ', 96.00, 100.00, '2026-06-12', 'ດີເລີດ', NULL, '2026-06-12 15:27:19', '2026-06-12 15:27:19'),
(307, 89, 7, '2025-2026', 'ພາກຮຽນທີ 1', 'ສອບເສັງກາງພາກ', 'ວິທະຍາສາດ', 73.00, 100.00, '2026-06-12', 'ດີ', NULL, '2026-06-12 15:27:19', '2026-06-12 15:27:19'),
(308, 89, 7, '2025-2026', 'ພາກຮຽນທີ 1', 'ສອບເສັງກາງພາກ', 'ພາສາອັງກິດ', 62.00, 100.00, '2026-06-12', 'ພໍໃຊ້', NULL, '2026-06-12 15:27:19', '2026-06-12 15:27:19'),
(309, 90, 7, '2025-2026', 'ພາກຮຽນທີ 1', 'ສອບເສັງກາງພາກ', 'ຄະນິດສາດ', 59.00, 100.00, '2026-06-12', 'ພໍໃຊ້', NULL, '2026-06-12 15:27:19', '2026-06-12 15:27:19'),
(310, 90, 7, '2025-2026', 'ພາກຮຽນທີ 1', 'ສອບເສັງກາງພາກ', 'ພາສາລາວ', 94.00, 100.00, '2026-06-12', 'ດີເລີດ', NULL, '2026-06-12 15:27:19', '2026-06-12 15:27:19'),
(311, 90, 7, '2025-2026', 'ພາກຮຽນທີ 1', 'ສອບເສັງກາງພາກ', 'ວິທະຍາສາດ', 63.00, 100.00, '2026-06-12', 'ພໍໃຊ້', NULL, '2026-06-12 15:27:19', '2026-06-12 15:27:19'),
(312, 90, 7, '2025-2026', 'ພາກຮຽນທີ 1', 'ສອບເສັງກາງພາກ', 'ພາສາອັງກິດ', 84.00, 100.00, '2026-06-12', 'ດີ', NULL, '2026-06-12 15:27:19', '2026-06-12 15:27:19'),
(313, 91, 7, '2025-2026', 'ພາກຮຽນທີ 1', 'ສອບເສັງກາງພາກ', 'ຄະນິດສາດ', 47.00, 100.00, '2026-06-12', 'ພໍໃຊ້', NULL, '2026-06-12 15:27:19', '2026-06-12 15:27:19'),
(314, 91, 7, '2025-2026', 'ພາກຮຽນທີ 1', 'ສອບເສັງກາງພາກ', 'ພາສາລາວ', 50.00, 100.00, '2026-06-12', 'ພໍໃຊ້', NULL, '2026-06-12 15:27:19', '2026-06-12 15:27:19'),
(315, 91, 7, '2025-2026', 'ພາກຮຽນທີ 1', 'ສອບເສັງກາງພາກ', 'ວິທະຍາສາດ', 66.00, 100.00, '2026-06-12', 'ພໍໃຊ້', NULL, '2026-06-12 15:27:19', '2026-06-12 15:27:19'),
(316, 91, 7, '2025-2026', 'ພາກຮຽນທີ 1', 'ສອບເສັງກາງພາກ', 'ພາສາອັງກິດ', 99.00, 100.00, '2026-06-12', 'ດີເລີດ', NULL, '2026-06-12 15:27:19', '2026-06-12 15:27:19'),
(317, 92, 7, '2025-2026', 'ພາກຮຽນທີ 1', 'ສອບເສັງກາງພາກ', 'ຄະນິດສາດ', 96.00, 100.00, '2026-06-12', 'ດີເລີດ', NULL, '2026-06-12 15:27:19', '2026-06-12 15:27:19'),
(318, 92, 7, '2025-2026', 'ພາກຮຽນທີ 1', 'ສອບເສັງກາງພາກ', 'ພາສາລາວ', 79.00, 100.00, '2026-06-12', 'ດີ', NULL, '2026-06-12 15:27:19', '2026-06-12 15:27:19'),
(319, 92, 7, '2025-2026', 'ພາກຮຽນທີ 1', 'ສອບເສັງກາງພາກ', 'ວິທະຍາສາດ', 100.00, 100.00, '2026-06-12', 'ດີເລີດ', NULL, '2026-06-12 15:27:19', '2026-06-12 15:27:19'),
(320, 92, 7, '2025-2026', 'ພາກຮຽນທີ 1', 'ສອບເສັງກາງພາກ', 'ພາສາອັງກິດ', 74.00, 100.00, '2026-06-12', 'ດີ', NULL, '2026-06-12 15:27:19', '2026-06-12 15:27:19'),
(321, 93, 7, '2025-2026', 'ພາກຮຽນທີ 1', 'ສອບເສັງກາງພາກ', 'ຄະນິດສາດ', 48.00, 100.00, '2026-06-12', 'ພໍໃຊ້', NULL, '2026-06-12 15:27:19', '2026-06-12 15:27:19'),
(322, 93, 7, '2025-2026', 'ພາກຮຽນທີ 1', 'ສອບເສັງກາງພາກ', 'ພາສາລາວ', 53.00, 100.00, '2026-06-12', 'ພໍໃຊ້', NULL, '2026-06-12 15:27:19', '2026-06-12 15:27:19'),
(323, 93, 7, '2025-2026', 'ພາກຮຽນທີ 1', 'ສອບເສັງກາງພາກ', 'ວິທະຍາສາດ', 61.00, 100.00, '2026-06-12', 'ພໍໃຊ້', NULL, '2026-06-12 15:27:19', '2026-06-12 15:27:19'),
(324, 93, 7, '2025-2026', 'ພາກຮຽນທີ 1', 'ສອບເສັງກາງພາກ', 'ພາສາອັງກິດ', 94.00, 100.00, '2026-06-12', 'ດີເລີດ', NULL, '2026-06-12 15:27:19', '2026-06-12 15:27:19'),
(325, 94, 7, '2025-2026', 'ພາກຮຽນທີ 1', 'ສອບເສັງກາງພາກ', 'ຄະນິດສາດ', 90.00, 100.00, '2026-06-12', 'ດີເລີດ', NULL, '2026-06-12 15:27:19', '2026-06-12 15:27:19'),
(326, 94, 7, '2025-2026', 'ພາກຮຽນທີ 1', 'ສອບເສັງກາງພາກ', 'ພາສາລາວ', 46.00, 100.00, '2026-06-12', 'ພໍໃຊ້', NULL, '2026-06-12 15:27:19', '2026-06-12 15:27:19'),
(327, 94, 7, '2025-2026', 'ພາກຮຽນທີ 1', 'ສອບເສັງກາງພາກ', 'ວິທະຍາສາດ', 93.00, 100.00, '2026-06-12', 'ດີເລີດ', NULL, '2026-06-12 15:27:19', '2026-06-12 15:27:19');
INSERT INTO `student_scores` (`score_id`, `student_id`, `class_id`, `academic_year`, `term`, `exam_type`, `subject`, `score`, `max_score`, `score_date`, `notes`, `recorded_by`, `created_at`, `updated_at`) VALUES
(328, 94, 7, '2025-2026', 'ພາກຮຽນທີ 1', 'ສອບເສັງກາງພາກ', 'ພາສາອັງກິດ', 81.00, 100.00, '2026-06-12', 'ດີ', NULL, '2026-06-12 15:27:19', '2026-06-12 15:27:19'),
(329, 95, 8, '2025-2026', 'ພາກຮຽນທີ 1', 'ສອບເສັງກາງພາກ', 'ຄະນິດສາດ', 87.00, 100.00, '2026-06-12', 'ດີ', NULL, '2026-06-12 15:27:19', '2026-06-12 15:27:19'),
(330, 95, 8, '2025-2026', 'ພາກຮຽນທີ 1', 'ສອບເສັງກາງພາກ', 'ພາສາລາວ', 96.00, 100.00, '2026-06-12', 'ດີເລີດ', NULL, '2026-06-12 15:27:19', '2026-06-12 15:27:19'),
(331, 95, 8, '2025-2026', 'ພາກຮຽນທີ 1', 'ສອບເສັງກາງພາກ', 'ວິທະຍາສາດ', 51.00, 100.00, '2026-06-12', 'ພໍໃຊ້', NULL, '2026-06-12 15:27:19', '2026-06-12 15:27:19'),
(332, 95, 8, '2025-2026', 'ພາກຮຽນທີ 1', 'ສອບເສັງກາງພາກ', 'ພາສາອັງກິດ', 87.00, 100.00, '2026-06-12', 'ດີ', NULL, '2026-06-12 15:27:19', '2026-06-12 15:27:19'),
(333, 96, 8, '2025-2026', 'ພາກຮຽນທີ 1', 'ສອບເສັງກາງພາກ', 'ຄະນິດສາດ', 72.00, 100.00, '2026-06-12', 'ດີ', NULL, '2026-06-12 15:27:19', '2026-06-12 15:27:19'),
(334, 96, 8, '2025-2026', 'ພາກຮຽນທີ 1', 'ສອບເສັງກາງພາກ', 'ພາສາລາວ', 65.00, 100.00, '2026-06-12', 'ພໍໃຊ້', NULL, '2026-06-12 15:27:19', '2026-06-12 15:27:19'),
(335, 96, 8, '2025-2026', 'ພາກຮຽນທີ 1', 'ສອບເສັງກາງພາກ', 'ວິທະຍາສາດ', 67.00, 100.00, '2026-06-12', 'ພໍໃຊ້', NULL, '2026-06-12 15:27:19', '2026-06-12 15:27:19'),
(336, 96, 8, '2025-2026', 'ພາກຮຽນທີ 1', 'ສອບເສັງກາງພາກ', 'ພາສາອັງກິດ', 83.00, 100.00, '2026-06-12', 'ດີ', NULL, '2026-06-12 15:27:19', '2026-06-12 15:27:19'),
(337, 97, 8, '2025-2026', 'ພາກຮຽນທີ 1', 'ສອບເສັງກາງພາກ', 'ຄະນິດສາດ', 63.00, 100.00, '2026-06-12', 'ພໍໃຊ້', NULL, '2026-06-12 15:27:19', '2026-06-12 15:27:19'),
(338, 97, 8, '2025-2026', 'ພາກຮຽນທີ 1', 'ສອບເສັງກາງພາກ', 'ພາສາລາວ', 78.00, 100.00, '2026-06-12', 'ດີ', NULL, '2026-06-12 15:27:19', '2026-06-12 15:27:19'),
(339, 97, 8, '2025-2026', 'ພາກຮຽນທີ 1', 'ສອບເສັງກາງພາກ', 'ວິທະຍາສາດ', 78.00, 100.00, '2026-06-12', 'ດີ', NULL, '2026-06-12 15:27:19', '2026-06-12 15:27:19'),
(340, 97, 8, '2025-2026', 'ພາກຮຽນທີ 1', 'ສອບເສັງກາງພາກ', 'ພາສາອັງກິດ', 57.00, 100.00, '2026-06-12', 'ພໍໃຊ້', NULL, '2026-06-12 15:27:19', '2026-06-12 15:27:19'),
(341, 98, 8, '2025-2026', 'ພາກຮຽນທີ 1', 'ສອບເສັງກາງພາກ', 'ຄະນິດສາດ', 69.00, 100.00, '2026-06-12', 'ພໍໃຊ້', NULL, '2026-06-12 15:27:19', '2026-06-12 15:27:19'),
(342, 98, 8, '2025-2026', 'ພາກຮຽນທີ 1', 'ສອບເສັງກາງພາກ', 'ພາສາລາວ', 78.00, 100.00, '2026-06-12', 'ດີ', NULL, '2026-06-12 15:27:19', '2026-06-12 15:27:19'),
(343, 98, 8, '2025-2026', 'ພາກຮຽນທີ 1', 'ສອບເສັງກາງພາກ', 'ວິທະຍາສາດ', 78.00, 100.00, '2026-06-12', 'ດີ', NULL, '2026-06-12 15:27:19', '2026-06-12 15:27:19'),
(344, 98, 8, '2025-2026', 'ພາກຮຽນທີ 1', 'ສອບເສັງກາງພາກ', 'ພາສາອັງກິດ', 47.00, 100.00, '2026-06-12', 'ພໍໃຊ້', NULL, '2026-06-12 15:27:19', '2026-06-12 15:27:19'),
(345, 99, 8, '2025-2026', 'ພາກຮຽນທີ 1', 'ສອບເສັງກາງພາກ', 'ຄະນິດສາດ', 74.00, 100.00, '2026-06-12', 'ດີ', NULL, '2026-06-12 15:27:19', '2026-06-12 15:27:19'),
(346, 99, 8, '2025-2026', 'ພາກຮຽນທີ 1', 'ສອບເສັງກາງພາກ', 'ພາສາລາວ', 100.00, 100.00, '2026-06-12', 'ດີເລີດ', NULL, '2026-06-12 15:27:19', '2026-06-12 15:27:19'),
(347, 99, 8, '2025-2026', 'ພາກຮຽນທີ 1', 'ສອບເສັງກາງພາກ', 'ວິທະຍາສາດ', 53.00, 100.00, '2026-06-12', 'ພໍໃຊ້', NULL, '2026-06-12 15:27:19', '2026-06-12 15:27:19'),
(348, 99, 8, '2025-2026', 'ພາກຮຽນທີ 1', 'ສອບເສັງກາງພາກ', 'ພາສາອັງກິດ', 63.00, 100.00, '2026-06-12', 'ພໍໃຊ້', NULL, '2026-06-12 15:27:19', '2026-06-12 15:27:19'),
(349, 100, 8, '2025-2026', 'ພາກຮຽນທີ 1', 'ສອບເສັງກາງພາກ', 'ຄະນິດສາດ', 84.00, 100.00, '2026-06-12', 'ດີ', NULL, '2026-06-12 15:27:19', '2026-06-12 15:27:19'),
(350, 100, 8, '2025-2026', 'ພາກຮຽນທີ 1', 'ສອບເສັງກາງພາກ', 'ພາສາລາວ', 91.00, 100.00, '2026-06-12', 'ດີເລີດ', NULL, '2026-06-12 15:27:19', '2026-06-12 15:27:19'),
(351, 100, 8, '2025-2026', 'ພາກຮຽນທີ 1', 'ສອບເສັງກາງພາກ', 'ວິທະຍາສາດ', 86.00, 100.00, '2026-06-12', 'ດີ', NULL, '2026-06-12 15:27:19', '2026-06-12 15:27:19'),
(352, 100, 8, '2025-2026', 'ພາກຮຽນທີ 1', 'ສອບເສັງກາງພາກ', 'ພາສາອັງກິດ', 93.00, 100.00, '2026-06-12', 'ດີເລີດ', NULL, '2026-06-12 15:27:19', '2026-06-12 15:27:19'),
(353, 101, 8, '2025-2026', 'ພາກຮຽນທີ 1', 'ສອບເສັງກາງພາກ', 'ຄະນິດສາດ', 71.00, 100.00, '2026-06-12', 'ດີ', NULL, '2026-06-12 15:27:19', '2026-06-12 15:27:19'),
(354, 101, 8, '2025-2026', 'ພາກຮຽນທີ 1', 'ສອບເສັງກາງພາກ', 'ພາສາລາວ', 52.00, 100.00, '2026-06-12', 'ພໍໃຊ້', NULL, '2026-06-12 15:27:19', '2026-06-12 15:27:19'),
(355, 101, 8, '2025-2026', 'ພາກຮຽນທີ 1', 'ສອບເສັງກາງພາກ', 'ວິທະຍາສາດ', 96.00, 100.00, '2026-06-12', 'ດີເລີດ', NULL, '2026-06-12 15:27:19', '2026-06-12 15:27:19'),
(356, 101, 8, '2025-2026', 'ພາກຮຽນທີ 1', 'ສອບເສັງກາງພາກ', 'ພາສາອັງກິດ', 64.00, 100.00, '2026-06-12', 'ພໍໃຊ້', NULL, '2026-06-12 15:27:19', '2026-06-12 15:27:19'),
(357, 102, 8, '2025-2026', 'ພາກຮຽນທີ 1', 'ສອບເສັງກາງພາກ', 'ຄະນິດສາດ', 60.00, 100.00, '2026-06-12', 'ພໍໃຊ້', NULL, '2026-06-12 15:27:19', '2026-06-12 15:27:19'),
(358, 102, 8, '2025-2026', 'ພາກຮຽນທີ 1', 'ສອບເສັງກາງພາກ', 'ພາສາລາວ', 91.00, 100.00, '2026-06-12', 'ດີເລີດ', NULL, '2026-06-12 15:27:19', '2026-06-12 15:27:19'),
(359, 102, 8, '2025-2026', 'ພາກຮຽນທີ 1', 'ສອບເສັງກາງພາກ', 'ວິທະຍາສາດ', 84.00, 100.00, '2026-06-12', 'ດີ', NULL, '2026-06-12 15:27:19', '2026-06-12 15:27:19'),
(360, 102, 8, '2025-2026', 'ພາກຮຽນທີ 1', 'ສອບເສັງກາງພາກ', 'ພາສາອັງກິດ', 98.00, 100.00, '2026-06-12', 'ດີເລີດ', NULL, '2026-06-12 15:27:19', '2026-06-12 15:27:19'),
(361, 103, 8, '2025-2026', 'ພາກຮຽນທີ 1', 'ສອບເສັງກາງພາກ', 'ຄະນິດສາດ', 89.00, 100.00, '2026-06-12', 'ດີ', NULL, '2026-06-12 15:27:19', '2026-06-12 15:27:19'),
(362, 103, 8, '2025-2026', 'ພາກຮຽນທີ 1', 'ສອບເສັງກາງພາກ', 'ພາສາລາວ', 51.00, 100.00, '2026-06-12', 'ພໍໃຊ້', NULL, '2026-06-12 15:27:19', '2026-06-12 15:27:19'),
(363, 103, 8, '2025-2026', 'ພາກຮຽນທີ 1', 'ສອບເສັງກາງພາກ', 'ວິທະຍາສາດ', 82.00, 100.00, '2026-06-12', 'ດີ', NULL, '2026-06-12 15:27:19', '2026-06-12 15:27:19'),
(364, 103, 8, '2025-2026', 'ພາກຮຽນທີ 1', 'ສອບເສັງກາງພາກ', 'ພາສາອັງກິດ', 98.00, 100.00, '2026-06-12', 'ດີເລີດ', NULL, '2026-06-12 15:27:19', '2026-06-12 15:27:19'),
(365, 104, 8, '2025-2026', 'ພາກຮຽນທີ 1', 'ສອບເສັງກາງພາກ', 'ຄະນິດສາດ', 63.00, 100.00, '2026-06-12', 'ພໍໃຊ້', NULL, '2026-06-12 15:27:19', '2026-06-12 15:27:19'),
(366, 104, 8, '2025-2026', 'ພາກຮຽນທີ 1', 'ສອບເສັງກາງພາກ', 'ພາສາລາວ', 55.00, 100.00, '2026-06-12', 'ພໍໃຊ້', NULL, '2026-06-12 15:27:19', '2026-06-12 15:27:19'),
(367, 104, 8, '2025-2026', 'ພາກຮຽນທີ 1', 'ສອບເສັງກາງພາກ', 'ວິທະຍາສາດ', 53.00, 100.00, '2026-06-12', 'ພໍໃຊ້', NULL, '2026-06-12 15:27:19', '2026-06-12 15:27:19'),
(368, 104, 8, '2025-2026', 'ພາກຮຽນທີ 1', 'ສອບເສັງກາງພາກ', 'ພາສາອັງກິດ', 85.00, 100.00, '2026-06-12', 'ດີ', NULL, '2026-06-12 15:27:19', '2026-06-12 15:27:19'),
(369, 105, 9, '2025-2026', 'ພາກຮຽນທີ 1', 'ສອບເສັງກາງພາກ', 'ຄະນິດສາດ', 72.00, 100.00, '2026-06-12', 'ດີ', NULL, '2026-06-12 15:27:19', '2026-06-12 15:27:19'),
(370, 105, 9, '2025-2026', 'ພາກຮຽນທີ 1', 'ສອບເສັງກາງພາກ', 'ພາສາລາວ', 99.00, 100.00, '2026-06-12', 'ດີເລີດ', NULL, '2026-06-12 15:27:19', '2026-06-12 15:27:19'),
(371, 105, 9, '2025-2026', 'ພາກຮຽນທີ 1', 'ສອບເສັງກາງພາກ', 'ວິທະຍາສາດ', 80.00, 100.00, '2026-06-12', 'ດີ', NULL, '2026-06-12 15:27:19', '2026-06-12 15:27:19'),
(372, 105, 9, '2025-2026', 'ພາກຮຽນທີ 1', 'ສອບເສັງກາງພາກ', 'ພາສາອັງກິດ', 97.00, 100.00, '2026-06-12', 'ດີເລີດ', NULL, '2026-06-12 15:27:19', '2026-06-12 15:27:19'),
(373, 106, 9, '2025-2026', 'ພາກຮຽນທີ 1', 'ສອບເສັງກາງພາກ', 'ຄະນິດສາດ', 81.00, 100.00, '2026-06-12', 'ດີ', NULL, '2026-06-12 15:27:19', '2026-06-12 15:27:19'),
(374, 106, 9, '2025-2026', 'ພາກຮຽນທີ 1', 'ສອບເສັງກາງພາກ', 'ພາສາລາວ', 83.00, 100.00, '2026-06-12', 'ດີ', NULL, '2026-06-12 15:27:19', '2026-06-12 15:27:19'),
(375, 106, 9, '2025-2026', 'ພາກຮຽນທີ 1', 'ສອບເສັງກາງພາກ', 'ວິທະຍາສາດ', 88.00, 100.00, '2026-06-12', 'ດີ', NULL, '2026-06-12 15:27:19', '2026-06-12 15:27:19'),
(376, 106, 9, '2025-2026', 'ພາກຮຽນທີ 1', 'ສອບເສັງກາງພາກ', 'ພາສາອັງກິດ', 96.00, 100.00, '2026-06-12', 'ດີເລີດ', NULL, '2026-06-12 15:27:19', '2026-06-12 15:27:19'),
(377, 107, 9, '2025-2026', 'ພາກຮຽນທີ 1', 'ສອບເສັງກາງພາກ', 'ຄະນິດສາດ', 71.00, 100.00, '2026-06-12', 'ດີ', NULL, '2026-06-12 15:27:19', '2026-06-12 15:27:19'),
(378, 107, 9, '2025-2026', 'ພາກຮຽນທີ 1', 'ສອບເສັງກາງພາກ', 'ພາສາລາວ', 64.00, 100.00, '2026-06-12', 'ພໍໃຊ້', NULL, '2026-06-12 15:27:19', '2026-06-12 15:27:19'),
(379, 107, 9, '2025-2026', 'ພາກຮຽນທີ 1', 'ສອບເສັງກາງພາກ', 'ວິທະຍາສາດ', 97.00, 100.00, '2026-06-12', 'ດີເລີດ', NULL, '2026-06-12 15:27:19', '2026-06-12 15:27:19'),
(380, 107, 9, '2025-2026', 'ພາກຮຽນທີ 1', 'ສອບເສັງກາງພາກ', 'ພາສາອັງກິດ', 45.00, 100.00, '2026-06-12', 'ພໍໃຊ້', NULL, '2026-06-12 15:27:19', '2026-06-12 15:27:19'),
(381, 108, 9, '2025-2026', 'ພາກຮຽນທີ 1', 'ສອບເສັງກາງພາກ', 'ຄະນິດສາດ', 63.00, 100.00, '2026-06-12', 'ພໍໃຊ້', NULL, '2026-06-12 15:27:19', '2026-06-12 15:27:19'),
(382, 108, 9, '2025-2026', 'ພາກຮຽນທີ 1', 'ສອບເສັງກາງພາກ', 'ພາສາລາວ', 81.00, 100.00, '2026-06-12', 'ດີ', NULL, '2026-06-12 15:27:19', '2026-06-12 15:27:19'),
(383, 108, 9, '2025-2026', 'ພາກຮຽນທີ 1', 'ສອບເສັງກາງພາກ', 'ວິທະຍາສາດ', 81.00, 100.00, '2026-06-12', 'ດີ', NULL, '2026-06-12 15:27:19', '2026-06-12 15:27:19'),
(384, 108, 9, '2025-2026', 'ພາກຮຽນທີ 1', 'ສອບເສັງກາງພາກ', 'ພາສາອັງກິດ', 100.00, 100.00, '2026-06-12', 'ດີເລີດ', NULL, '2026-06-12 15:27:19', '2026-06-12 15:27:19'),
(385, 109, 9, '2025-2026', 'ພາກຮຽນທີ 1', 'ສອບເສັງກາງພາກ', 'ຄະນິດສາດ', 70.00, 100.00, '2026-06-12', 'ດີ', NULL, '2026-06-12 15:27:19', '2026-06-12 15:27:19'),
(386, 109, 9, '2025-2026', 'ພາກຮຽນທີ 1', 'ສອບເສັງກາງພາກ', 'ພາສາລາວ', 58.00, 100.00, '2026-06-12', 'ພໍໃຊ້', NULL, '2026-06-12 15:27:19', '2026-06-12 15:27:19'),
(387, 109, 9, '2025-2026', 'ພາກຮຽນທີ 1', 'ສອບເສັງກາງພາກ', 'ວິທະຍາສາດ', 70.00, 100.00, '2026-06-12', 'ດີ', NULL, '2026-06-12 15:27:19', '2026-06-12 15:27:19'),
(388, 109, 9, '2025-2026', 'ພາກຮຽນທີ 1', 'ສອບເສັງກາງພາກ', 'ພາສາອັງກິດ', 47.00, 100.00, '2026-06-12', 'ພໍໃຊ້', NULL, '2026-06-12 15:27:19', '2026-06-12 15:27:19'),
(389, 110, 9, '2025-2026', 'ພາກຮຽນທີ 1', 'ສອບເສັງກາງພາກ', 'ຄະນິດສາດ', 91.00, 100.00, '2026-06-12', 'ດີເລີດ', NULL, '2026-06-12 15:27:19', '2026-06-12 15:27:19'),
(390, 110, 9, '2025-2026', 'ພາກຮຽນທີ 1', 'ສອບເສັງກາງພາກ', 'ພາສາລາວ', 75.00, 100.00, '2026-06-12', 'ດີ', NULL, '2026-06-12 15:27:19', '2026-06-12 15:27:19'),
(391, 110, 9, '2025-2026', 'ພາກຮຽນທີ 1', 'ສອບເສັງກາງພາກ', 'ວິທະຍາສາດ', 56.00, 100.00, '2026-06-12', 'ພໍໃຊ້', NULL, '2026-06-12 15:27:19', '2026-06-12 15:27:19'),
(392, 110, 9, '2025-2026', 'ພາກຮຽນທີ 1', 'ສອບເສັງກາງພາກ', 'ພາສາອັງກິດ', 60.00, 100.00, '2026-06-12', 'ພໍໃຊ້', NULL, '2026-06-12 15:27:19', '2026-06-12 15:27:19'),
(393, 111, 9, '2025-2026', 'ພາກຮຽນທີ 1', 'ສອບເສັງກາງພາກ', 'ຄະນິດສາດ', 63.00, 100.00, '2026-06-12', 'ພໍໃຊ້', NULL, '2026-06-12 15:27:19', '2026-06-12 15:27:19'),
(394, 111, 9, '2025-2026', 'ພາກຮຽນທີ 1', 'ສອບເສັງກາງພາກ', 'ພາສາລາວ', 65.00, 100.00, '2026-06-12', 'ພໍໃຊ້', NULL, '2026-06-12 15:27:19', '2026-06-12 15:27:19'),
(395, 111, 9, '2025-2026', 'ພາກຮຽນທີ 1', 'ສອບເສັງກາງພາກ', 'ວິທະຍາສາດ', 86.00, 100.00, '2026-06-12', 'ດີ', NULL, '2026-06-12 15:27:19', '2026-06-12 15:27:19'),
(396, 111, 9, '2025-2026', 'ພາກຮຽນທີ 1', 'ສອບເສັງກາງພາກ', 'ພາສາອັງກິດ', 47.00, 100.00, '2026-06-12', 'ພໍໃຊ້', NULL, '2026-06-12 15:27:19', '2026-06-12 15:27:19'),
(397, 112, 9, '2025-2026', 'ພາກຮຽນທີ 1', 'ສອບເສັງກາງພາກ', 'ຄະນິດສາດ', 96.00, 100.00, '2026-06-12', 'ດີເລີດ', NULL, '2026-06-12 15:27:19', '2026-06-12 15:27:19'),
(398, 112, 9, '2025-2026', 'ພາກຮຽນທີ 1', 'ສອບເສັງກາງພາກ', 'ພາສາລາວ', 54.00, 100.00, '2026-06-12', 'ພໍໃຊ້', NULL, '2026-06-12 15:27:19', '2026-06-12 15:27:19'),
(399, 112, 9, '2025-2026', 'ພາກຮຽນທີ 1', 'ສອບເສັງກາງພາກ', 'ວິທະຍາສາດ', 64.00, 100.00, '2026-06-12', 'ພໍໃຊ້', NULL, '2026-06-12 15:27:19', '2026-06-12 15:27:19'),
(400, 112, 9, '2025-2026', 'ພາກຮຽນທີ 1', 'ສອບເສັງກາງພາກ', 'ພາສາອັງກິດ', 75.00, 100.00, '2026-06-12', 'ດີ', NULL, '2026-06-12 15:27:19', '2026-06-12 15:27:19'),
(401, 113, 9, '2025-2026', 'ພາກຮຽນທີ 1', 'ສອບເສັງກາງພາກ', 'ຄະນິດສາດ', 66.00, 100.00, '2026-06-12', 'ພໍໃຊ້', NULL, '2026-06-12 15:27:19', '2026-06-12 15:27:19'),
(402, 113, 9, '2025-2026', 'ພາກຮຽນທີ 1', 'ສອບເສັງກາງພາກ', 'ພາສາລາວ', 60.00, 100.00, '2026-06-12', 'ພໍໃຊ້', NULL, '2026-06-12 15:27:19', '2026-06-12 15:27:19'),
(403, 113, 9, '2025-2026', 'ພາກຮຽນທີ 1', 'ສອບເສັງກາງພາກ', 'ວິທະຍາສາດ', 59.00, 100.00, '2026-06-12', 'ພໍໃຊ້', NULL, '2026-06-12 15:27:19', '2026-06-12 15:27:19'),
(404, 113, 9, '2025-2026', 'ພາກຮຽນທີ 1', 'ສອບເສັງກາງພາກ', 'ພາສາອັງກິດ', 68.00, 100.00, '2026-06-12', 'ພໍໃຊ້', NULL, '2026-06-12 15:27:19', '2026-06-12 15:27:19'),
(405, 114, 9, '2025-2026', 'ພາກຮຽນທີ 1', 'ສອບເສັງກາງພາກ', 'ຄະນິດສາດ', 74.00, 100.00, '2026-06-12', 'ດີ', NULL, '2026-06-12 15:27:19', '2026-06-12 15:27:19'),
(406, 114, 9, '2025-2026', 'ພາກຮຽນທີ 1', 'ສອບເສັງກາງພາກ', 'ພາສາລາວ', 80.00, 100.00, '2026-06-12', 'ດີ', NULL, '2026-06-12 15:27:19', '2026-06-12 15:27:19'),
(407, 114, 9, '2025-2026', 'ພາກຮຽນທີ 1', 'ສອບເສັງກາງພາກ', 'ວິທະຍາສາດ', 85.00, 100.00, '2026-06-12', 'ດີ', NULL, '2026-06-12 15:27:19', '2026-06-12 15:27:19'),
(408, 114, 9, '2025-2026', 'ພາກຮຽນທີ 1', 'ສອບເສັງກາງພາກ', 'ພາສາອັງກິດ', 83.00, 100.00, '2026-06-12', 'ດີ', NULL, '2026-06-12 15:27:19', '2026-06-12 15:27:19'),
(409, 115, 10, '2025-2026', 'ພາກຮຽນທີ 1', 'ສອບເສັງກາງພາກ', 'ຄະນິດສາດ', 61.00, 100.00, '2026-06-12', 'ພໍໃຊ້', NULL, '2026-06-12 15:27:19', '2026-06-12 15:27:19'),
(410, 115, 10, '2025-2026', 'ພາກຮຽນທີ 1', 'ສອບເສັງກາງພາກ', 'ພາສາລາວ', 50.00, 100.00, '2026-06-12', 'ພໍໃຊ້', NULL, '2026-06-12 15:27:19', '2026-06-12 15:27:19'),
(411, 115, 10, '2025-2026', 'ພາກຮຽນທີ 1', 'ສອບເສັງກາງພາກ', 'ວິທະຍາສາດ', 88.00, 100.00, '2026-06-12', 'ດີ', NULL, '2026-06-12 15:27:20', '2026-06-12 15:27:20'),
(412, 115, 10, '2025-2026', 'ພາກຮຽນທີ 1', 'ສອບເສັງກາງພາກ', 'ພາສາອັງກິດ', 45.00, 100.00, '2026-06-12', 'ພໍໃຊ້', NULL, '2026-06-12 15:27:20', '2026-06-12 15:27:20'),
(413, 116, 10, '2025-2026', 'ພາກຮຽນທີ 1', 'ສອບເສັງກາງພາກ', 'ຄະນິດສາດ', 71.00, 100.00, '2026-06-12', 'ດີ', NULL, '2026-06-12 15:27:20', '2026-06-12 15:27:20'),
(414, 116, 10, '2025-2026', 'ພາກຮຽນທີ 1', 'ສອບເສັງກາງພາກ', 'ພາສາລາວ', 49.00, 100.00, '2026-06-12', 'ພໍໃຊ້', NULL, '2026-06-12 15:27:20', '2026-06-12 15:27:20'),
(415, 116, 10, '2025-2026', 'ພາກຮຽນທີ 1', 'ສອບເສັງກາງພາກ', 'ວິທະຍາສາດ', 70.00, 100.00, '2026-06-12', 'ດີ', NULL, '2026-06-12 15:27:20', '2026-06-12 15:27:20'),
(416, 116, 10, '2025-2026', 'ພາກຮຽນທີ 1', 'ສອບເສັງກາງພາກ', 'ພາສາອັງກິດ', 89.00, 100.00, '2026-06-12', 'ດີ', NULL, '2026-06-12 15:27:20', '2026-06-12 15:27:20'),
(417, 117, 10, '2025-2026', 'ພາກຮຽນທີ 1', 'ສອບເສັງກາງພາກ', 'ຄະນິດສາດ', 67.00, 100.00, '2026-06-12', 'ພໍໃຊ້', NULL, '2026-06-12 15:27:20', '2026-06-12 15:27:20'),
(418, 117, 10, '2025-2026', 'ພາກຮຽນທີ 1', 'ສອບເສັງກາງພາກ', 'ພາສາລາວ', 62.00, 100.00, '2026-06-12', 'ພໍໃຊ້', NULL, '2026-06-12 15:27:20', '2026-06-12 15:27:20'),
(419, 117, 10, '2025-2026', 'ພາກຮຽນທີ 1', 'ສອບເສັງກາງພາກ', 'ວິທະຍາສາດ', 70.00, 100.00, '2026-06-12', 'ດີ', NULL, '2026-06-12 15:27:20', '2026-06-12 15:27:20'),
(420, 117, 10, '2025-2026', 'ພາກຮຽນທີ 1', 'ສອບເສັງກາງພາກ', 'ພາສາອັງກິດ', 77.00, 100.00, '2026-06-12', 'ດີ', NULL, '2026-06-12 15:27:20', '2026-06-12 15:27:20'),
(421, 118, 10, '2025-2026', 'ພາກຮຽນທີ 1', 'ສອບເສັງກາງພາກ', 'ຄະນິດສາດ', 47.00, 100.00, '2026-06-12', 'ພໍໃຊ້', NULL, '2026-06-12 15:27:20', '2026-06-12 15:27:20'),
(422, 118, 10, '2025-2026', 'ພາກຮຽນທີ 1', 'ສອບເສັງກາງພາກ', 'ພາສາລາວ', 74.00, 100.00, '2026-06-12', 'ດີ', NULL, '2026-06-12 15:27:20', '2026-06-12 15:27:20'),
(423, 118, 10, '2025-2026', 'ພາກຮຽນທີ 1', 'ສອບເສັງກາງພາກ', 'ວິທະຍາສາດ', 90.00, 100.00, '2026-06-12', 'ດີເລີດ', NULL, '2026-06-12 15:27:20', '2026-06-12 15:27:20'),
(424, 118, 10, '2025-2026', 'ພາກຮຽນທີ 1', 'ສອບເສັງກາງພາກ', 'ພາສາອັງກິດ', 74.00, 100.00, '2026-06-12', 'ດີ', NULL, '2026-06-12 15:27:20', '2026-06-12 15:27:20'),
(425, 119, 10, '2025-2026', 'ພາກຮຽນທີ 1', 'ສອບເສັງກາງພາກ', 'ຄະນິດສາດ', 90.00, 100.00, '2026-06-12', 'ດີເລີດ', NULL, '2026-06-12 15:27:20', '2026-06-12 15:27:20'),
(426, 119, 10, '2025-2026', 'ພາກຮຽນທີ 1', 'ສອບເສັງກາງພາກ', 'ພາສາລາວ', 47.00, 100.00, '2026-06-12', 'ພໍໃຊ້', NULL, '2026-06-12 15:27:20', '2026-06-12 15:27:20'),
(427, 119, 10, '2025-2026', 'ພາກຮຽນທີ 1', 'ສອບເສັງກາງພາກ', 'ວິທະຍາສາດ', 62.00, 100.00, '2026-06-12', 'ພໍໃຊ້', NULL, '2026-06-12 15:27:20', '2026-06-12 15:27:20'),
(428, 119, 10, '2025-2026', 'ພາກຮຽນທີ 1', 'ສອບເສັງກາງພາກ', 'ພາສາອັງກິດ', 72.00, 100.00, '2026-06-12', 'ດີ', NULL, '2026-06-12 15:27:20', '2026-06-12 15:27:20'),
(429, 120, 10, '2025-2026', 'ພາກຮຽນທີ 1', 'ສອບເສັງກາງພາກ', 'ຄະນິດສາດ', 92.00, 100.00, '2026-06-12', 'ດີເລີດ', NULL, '2026-06-12 15:27:20', '2026-06-12 15:27:20'),
(430, 120, 10, '2025-2026', 'ພາກຮຽນທີ 1', 'ສອບເສັງກາງພາກ', 'ພາສາລາວ', 76.00, 100.00, '2026-06-12', 'ດີ', NULL, '2026-06-12 15:27:20', '2026-06-12 15:27:20'),
(431, 120, 10, '2025-2026', 'ພາກຮຽນທີ 1', 'ສອບເສັງກາງພາກ', 'ວິທະຍາສາດ', 56.00, 100.00, '2026-06-12', 'ພໍໃຊ້', NULL, '2026-06-12 15:27:20', '2026-06-12 15:27:20'),
(432, 120, 10, '2025-2026', 'ພາກຮຽນທີ 1', 'ສອບເສັງກາງພາກ', 'ພາສາອັງກິດ', 67.00, 100.00, '2026-06-12', 'ພໍໃຊ້', NULL, '2026-06-12 15:27:20', '2026-06-12 15:27:20'),
(433, 121, 10, '2025-2026', 'ພາກຮຽນທີ 1', 'ສອບເສັງກາງພາກ', 'ຄະນິດສາດ', 68.00, 100.00, '2026-06-12', 'ພໍໃຊ້', NULL, '2026-06-12 15:27:20', '2026-06-12 15:27:20'),
(434, 121, 10, '2025-2026', 'ພາກຮຽນທີ 1', 'ສອບເສັງກາງພາກ', 'ພາສາລາວ', 84.00, 100.00, '2026-06-12', 'ດີ', NULL, '2026-06-12 15:27:20', '2026-06-12 15:27:20'),
(435, 121, 10, '2025-2026', 'ພາກຮຽນທີ 1', 'ສອບເສັງກາງພາກ', 'ວິທະຍາສາດ', 61.00, 100.00, '2026-06-12', 'ພໍໃຊ້', NULL, '2026-06-12 15:27:20', '2026-06-12 15:27:20'),
(436, 121, 10, '2025-2026', 'ພາກຮຽນທີ 1', 'ສອບເສັງກາງພາກ', 'ພາສາອັງກິດ', 64.00, 100.00, '2026-06-12', 'ພໍໃຊ້', NULL, '2026-06-12 15:27:20', '2026-06-12 15:27:20'),
(437, 122, 10, '2025-2026', 'ພາກຮຽນທີ 1', 'ສອບເສັງກາງພາກ', 'ຄະນິດສາດ', 59.00, 100.00, '2026-06-12', 'ພໍໃຊ້', NULL, '2026-06-12 15:27:20', '2026-06-12 15:27:20'),
(438, 122, 10, '2025-2026', 'ພາກຮຽນທີ 1', 'ສອບເສັງກາງພາກ', 'ພາສາລາວ', 83.00, 100.00, '2026-06-12', 'ດີ', NULL, '2026-06-12 15:27:20', '2026-06-12 15:27:20'),
(439, 122, 10, '2025-2026', 'ພາກຮຽນທີ 1', 'ສອບເສັງກາງພາກ', 'ວິທະຍາສາດ', 58.00, 100.00, '2026-06-12', 'ພໍໃຊ້', NULL, '2026-06-12 15:27:20', '2026-06-12 15:27:20'),
(440, 122, 10, '2025-2026', 'ພາກຮຽນທີ 1', 'ສອບເສັງກາງພາກ', 'ພາສາອັງກິດ', 58.00, 100.00, '2026-06-12', 'ພໍໃຊ້', NULL, '2026-06-12 15:27:20', '2026-06-12 15:27:20'),
(441, 123, 10, '2025-2026', 'ພາກຮຽນທີ 1', 'ສອບເສັງກາງພາກ', 'ຄະນິດສາດ', 61.00, 100.00, '2026-06-12', 'ພໍໃຊ້', NULL, '2026-06-12 15:27:20', '2026-06-12 15:27:20'),
(442, 123, 10, '2025-2026', 'ພາກຮຽນທີ 1', 'ສອບເສັງກາງພາກ', 'ພາສາລາວ', 54.00, 100.00, '2026-06-12', 'ພໍໃຊ້', NULL, '2026-06-12 15:27:20', '2026-06-12 15:27:20'),
(443, 123, 10, '2025-2026', 'ພາກຮຽນທີ 1', 'ສອບເສັງກາງພາກ', 'ວິທະຍາສາດ', 72.00, 100.00, '2026-06-12', 'ດີ', NULL, '2026-06-12 15:27:20', '2026-06-12 15:27:20'),
(444, 123, 10, '2025-2026', 'ພາກຮຽນທີ 1', 'ສອບເສັງກາງພາກ', 'ພາສາອັງກິດ', 88.00, 100.00, '2026-06-12', 'ດີ', NULL, '2026-06-12 15:27:20', '2026-06-12 15:27:20'),
(445, 124, 10, '2025-2026', 'ພາກຮຽນທີ 1', 'ສອບເສັງກາງພາກ', 'ຄະນິດສາດ', 78.00, 100.00, '2026-06-12', 'ດີ', NULL, '2026-06-12 15:27:20', '2026-06-12 15:27:20'),
(446, 124, 10, '2025-2026', 'ພາກຮຽນທີ 1', 'ສອບເສັງກາງພາກ', 'ພາສາລາວ', 75.00, 100.00, '2026-06-12', 'ດີ', NULL, '2026-06-12 15:27:20', '2026-06-12 15:27:20'),
(447, 124, 10, '2025-2026', 'ພາກຮຽນທີ 1', 'ສອບເສັງກາງພາກ', 'ວິທະຍາສາດ', 67.00, 100.00, '2026-06-12', 'ພໍໃຊ້', NULL, '2026-06-12 15:27:20', '2026-06-12 15:27:20'),
(448, 124, 10, '2025-2026', 'ພາກຮຽນທີ 1', 'ສອບເສັງກາງພາກ', 'ພາສາອັງກິດ', 64.00, 100.00, '2026-06-12', 'ພໍໃຊ້', NULL, '2026-06-12 15:27:20', '2026-06-12 15:27:20'),
(449, 125, 11, '2025-2026', 'ພາກຮຽນທີ 1', 'ສອບເສັງກາງພາກ', 'ຄະນິດສາດ', 88.00, 100.00, '2026-06-12', 'ດີ', NULL, '2026-06-12 15:27:20', '2026-06-12 15:27:20'),
(450, 125, 11, '2025-2026', 'ພາກຮຽນທີ 1', 'ສອບເສັງກາງພາກ', 'ພາສາລາວ', 53.00, 100.00, '2026-06-12', 'ພໍໃຊ້', NULL, '2026-06-12 15:27:20', '2026-06-12 15:27:20'),
(451, 125, 11, '2025-2026', 'ພາກຮຽນທີ 1', 'ສອບເສັງກາງພາກ', 'ວິທະຍາສາດ', 74.00, 100.00, '2026-06-12', 'ດີ', NULL, '2026-06-12 15:27:20', '2026-06-12 15:27:20'),
(452, 125, 11, '2025-2026', 'ພາກຮຽນທີ 1', 'ສອບເສັງກາງພາກ', 'ພາສາອັງກິດ', 63.00, 100.00, '2026-06-12', 'ພໍໃຊ້', NULL, '2026-06-12 15:27:20', '2026-06-12 15:27:20'),
(453, 126, 11, '2025-2026', 'ພາກຮຽນທີ 1', 'ສອບເສັງກາງພາກ', 'ຄະນິດສາດ', 46.00, 100.00, '2026-06-12', 'ພໍໃຊ້', NULL, '2026-06-12 15:27:20', '2026-06-12 15:27:20'),
(454, 126, 11, '2025-2026', 'ພາກຮຽນທີ 1', 'ສອບເສັງກາງພາກ', 'ພາສາລາວ', 99.00, 100.00, '2026-06-12', 'ດີເລີດ', NULL, '2026-06-12 15:27:20', '2026-06-12 15:27:20'),
(455, 126, 11, '2025-2026', 'ພາກຮຽນທີ 1', 'ສອບເສັງກາງພາກ', 'ວິທະຍາສາດ', 99.00, 100.00, '2026-06-12', 'ດີເລີດ', NULL, '2026-06-12 15:27:20', '2026-06-12 15:27:20'),
(456, 126, 11, '2025-2026', 'ພາກຮຽນທີ 1', 'ສອບເສັງກາງພາກ', 'ພາສາອັງກິດ', 63.00, 100.00, '2026-06-12', 'ພໍໃຊ້', NULL, '2026-06-12 15:27:20', '2026-06-12 15:27:20'),
(457, 127, 11, '2025-2026', 'ພາກຮຽນທີ 1', 'ສອບເສັງກາງພາກ', 'ຄະນິດສາດ', 77.00, 100.00, '2026-06-12', 'ດີ', NULL, '2026-06-12 15:27:20', '2026-06-12 15:27:20'),
(458, 127, 11, '2025-2026', 'ພາກຮຽນທີ 1', 'ສອບເສັງກາງພາກ', 'ພາສາລາວ', 88.00, 100.00, '2026-06-12', 'ດີ', NULL, '2026-06-12 15:27:20', '2026-06-12 15:27:20'),
(459, 127, 11, '2025-2026', 'ພາກຮຽນທີ 1', 'ສອບເສັງກາງພາກ', 'ວິທະຍາສາດ', 89.00, 100.00, '2026-06-12', 'ດີ', NULL, '2026-06-12 15:27:20', '2026-06-12 15:27:20'),
(460, 127, 11, '2025-2026', 'ພາກຮຽນທີ 1', 'ສອບເສັງກາງພາກ', 'ພາສາອັງກິດ', 86.00, 100.00, '2026-06-12', 'ດີ', NULL, '2026-06-12 15:27:20', '2026-06-12 15:27:20'),
(461, 128, 11, '2025-2026', 'ພາກຮຽນທີ 1', 'ສອບເສັງກາງພາກ', 'ຄະນິດສາດ', 62.00, 100.00, '2026-06-12', 'ພໍໃຊ້', NULL, '2026-06-12 15:27:20', '2026-06-12 15:27:20'),
(462, 128, 11, '2025-2026', 'ພາກຮຽນທີ 1', 'ສອບເສັງກາງພາກ', 'ພາສາລາວ', 91.00, 100.00, '2026-06-12', 'ດີເລີດ', NULL, '2026-06-12 15:27:20', '2026-06-12 15:27:20'),
(463, 128, 11, '2025-2026', 'ພາກຮຽນທີ 1', 'ສອບເສັງກາງພາກ', 'ວິທະຍາສາດ', 59.00, 100.00, '2026-06-12', 'ພໍໃຊ້', NULL, '2026-06-12 15:27:20', '2026-06-12 15:27:20'),
(464, 128, 11, '2025-2026', 'ພາກຮຽນທີ 1', 'ສອບເສັງກາງພາກ', 'ພາສາອັງກິດ', 45.00, 100.00, '2026-06-12', 'ພໍໃຊ້', NULL, '2026-06-12 15:27:20', '2026-06-12 15:27:20'),
(465, 129, 11, '2025-2026', 'ພາກຮຽນທີ 1', 'ສອບເສັງກາງພາກ', 'ຄະນິດສາດ', 71.00, 100.00, '2026-06-12', 'ດີ', NULL, '2026-06-12 15:27:20', '2026-06-12 15:27:20'),
(466, 129, 11, '2025-2026', 'ພາກຮຽນທີ 1', 'ສອບເສັງກາງພາກ', 'ພາສາລາວ', 91.00, 100.00, '2026-06-12', 'ດີເລີດ', NULL, '2026-06-12 15:27:20', '2026-06-12 15:27:20'),
(467, 129, 11, '2025-2026', 'ພາກຮຽນທີ 1', 'ສອບເສັງກາງພາກ', 'ວິທະຍາສາດ', 51.00, 100.00, '2026-06-12', 'ພໍໃຊ້', NULL, '2026-06-12 15:27:20', '2026-06-12 15:27:20'),
(468, 129, 11, '2025-2026', 'ພາກຮຽນທີ 1', 'ສອບເສັງກາງພາກ', 'ພາສາອັງກິດ', 95.00, 100.00, '2026-06-12', 'ດີເລີດ', NULL, '2026-06-12 15:27:20', '2026-06-12 15:27:20'),
(469, 130, 11, '2025-2026', 'ພາກຮຽນທີ 1', 'ສອບເສັງກາງພາກ', 'ຄະນິດສາດ', 87.00, 100.00, '2026-06-12', 'ດີ', NULL, '2026-06-12 15:27:20', '2026-06-12 15:27:20'),
(470, 130, 11, '2025-2026', 'ພາກຮຽນທີ 1', 'ສອບເສັງກາງພາກ', 'ພາສາລາວ', 60.00, 100.00, '2026-06-12', 'ພໍໃຊ້', NULL, '2026-06-12 15:27:20', '2026-06-12 15:27:20'),
(471, 130, 11, '2025-2026', 'ພາກຮຽນທີ 1', 'ສອບເສັງກາງພາກ', 'ວິທະຍາສາດ', 47.00, 100.00, '2026-06-12', 'ພໍໃຊ້', NULL, '2026-06-12 15:27:20', '2026-06-12 15:27:20'),
(472, 130, 11, '2025-2026', 'ພາກຮຽນທີ 1', 'ສອບເສັງກາງພາກ', 'ພາສາອັງກິດ', 98.00, 100.00, '2026-06-12', 'ດີເລີດ', NULL, '2026-06-12 15:27:20', '2026-06-12 15:27:20'),
(473, 131, 11, '2025-2026', 'ພາກຮຽນທີ 1', 'ສອບເສັງກາງພາກ', 'ຄະນິດສາດ', 54.00, 100.00, '2026-06-12', 'ພໍໃຊ້', NULL, '2026-06-12 15:27:20', '2026-06-12 15:27:20'),
(474, 131, 11, '2025-2026', 'ພາກຮຽນທີ 1', 'ສອບເສັງກາງພາກ', 'ພາສາລາວ', 64.00, 100.00, '2026-06-12', 'ພໍໃຊ້', NULL, '2026-06-12 15:27:20', '2026-06-12 15:27:20'),
(475, 131, 11, '2025-2026', 'ພາກຮຽນທີ 1', 'ສອບເສັງກາງພາກ', 'ວິທະຍາສາດ', 65.00, 100.00, '2026-06-12', 'ພໍໃຊ້', NULL, '2026-06-12 15:27:20', '2026-06-12 15:27:20'),
(476, 131, 11, '2025-2026', 'ພາກຮຽນທີ 1', 'ສອບເສັງກາງພາກ', 'ພາສາອັງກິດ', 75.00, 100.00, '2026-06-12', 'ດີ', NULL, '2026-06-12 15:27:20', '2026-06-12 15:27:20'),
(477, 132, 11, '2025-2026', 'ພາກຮຽນທີ 1', 'ສອບເສັງກາງພາກ', 'ຄະນິດສາດ', 75.00, 100.00, '2026-06-12', 'ດີ', NULL, '2026-06-12 15:27:20', '2026-06-12 15:27:20'),
(478, 132, 11, '2025-2026', 'ພາກຮຽນທີ 1', 'ສອບເສັງກາງພາກ', 'ພາສາລາວ', 88.00, 100.00, '2026-06-12', 'ດີ', NULL, '2026-06-12 15:27:20', '2026-06-12 15:27:20'),
(479, 132, 11, '2025-2026', 'ພາກຮຽນທີ 1', 'ສອບເສັງກາງພາກ', 'ວິທະຍາສາດ', 73.00, 100.00, '2026-06-12', 'ດີ', NULL, '2026-06-12 15:27:20', '2026-06-12 15:27:20'),
(480, 132, 11, '2025-2026', 'ພາກຮຽນທີ 1', 'ສອບເສັງກາງພາກ', 'ພາສາອັງກິດ', 75.00, 100.00, '2026-06-12', 'ດີ', NULL, '2026-06-12 15:27:20', '2026-06-12 15:27:20'),
(481, 133, 11, '2025-2026', 'ພາກຮຽນທີ 1', 'ສອບເສັງກາງພາກ', 'ຄະນິດສາດ', 72.00, 100.00, '2026-06-12', 'ດີ', NULL, '2026-06-12 15:27:20', '2026-06-12 15:27:20'),
(482, 133, 11, '2025-2026', 'ພາກຮຽນທີ 1', 'ສອບເສັງກາງພາກ', 'ພາສາລາວ', 75.00, 100.00, '2026-06-12', 'ດີ', NULL, '2026-06-12 15:27:20', '2026-06-12 15:27:20'),
(483, 133, 11, '2025-2026', 'ພາກຮຽນທີ 1', 'ສອບເສັງກາງພາກ', 'ວິທະຍາສາດ', 50.00, 100.00, '2026-06-12', 'ພໍໃຊ້', NULL, '2026-06-12 15:27:20', '2026-06-12 15:27:20'),
(484, 133, 11, '2025-2026', 'ພາກຮຽນທີ 1', 'ສອບເສັງກາງພາກ', 'ພາສາອັງກິດ', 94.00, 100.00, '2026-06-12', 'ດີເລີດ', NULL, '2026-06-12 15:27:20', '2026-06-12 15:27:20'),
(485, 134, 11, '2025-2026', 'ພາກຮຽນທີ 1', 'ສອບເສັງກາງພາກ', 'ຄະນິດສາດ', 47.00, 100.00, '2026-06-12', 'ພໍໃຊ້', NULL, '2026-06-12 15:27:20', '2026-06-12 15:27:20'),
(486, 134, 11, '2025-2026', 'ພາກຮຽນທີ 1', 'ສອບເສັງກາງພາກ', 'ພາສາລາວ', 94.00, 100.00, '2026-06-12', 'ດີເລີດ', NULL, '2026-06-12 15:27:20', '2026-06-12 15:27:20'),
(487, 134, 11, '2025-2026', 'ພາກຮຽນທີ 1', 'ສອບເສັງກາງພາກ', 'ວິທະຍາສາດ', 46.00, 100.00, '2026-06-12', 'ພໍໃຊ້', NULL, '2026-06-12 15:27:20', '2026-06-12 15:27:20'),
(488, 134, 11, '2025-2026', 'ພາກຮຽນທີ 1', 'ສອບເສັງກາງພາກ', 'ພາສາອັງກິດ', 50.00, 100.00, '2026-06-12', 'ພໍໃຊ້', NULL, '2026-06-12 15:27:20', '2026-06-12 15:27:20'),
(489, 25, 1, '2026-2027', 'ເທີມ 1', 'ປະຈຳເດືອນ 9', 'Numeracy', 0.50, 10.00, '2026-06-12', '', 1, '2026-06-12 15:30:13', '2026-06-12 15:30:13'),
(490, 25, 1, '2026-2027', 'ເທີມ 1', 'ປະຈຳເດືອນ 9', 'Activity book', 9.00, 10.00, '2026-06-12', '', 1, '2026-06-12 15:30:26', '2026-06-12 15:30:26'),
(491, 25, 1, '2026-2027', 'ເທີມ 1', 'ປະຈຳເດືອນ 9', 'Activity', 9.00, 10.00, '2026-06-12', '', 1, '2026-06-12 15:30:43', '2026-06-12 15:30:43'),
(492, 25, 1, '2026-2027', 'ເທີມ 1', 'ປະຈຳເດືອນ 9', 'Phonics', 9.00, 10.00, '2026-06-12', '', 1, '2026-06-12 15:30:47', '2026-06-12 15:30:47'),
(493, 25, 1, '2026-2027', 'ເທີມ 1', 'ປະຈຳເດືອນ 9', 'Student\'s book', 6.00, 10.00, '2026-06-12', '', 1, '2026-06-12 15:30:51', '2026-06-12 15:30:51'),
(494, 25, 1, '2026-2027', 'ເທີມ 1', 'ປະຈຳເດືອນ 9', 'ຄະນິດສາດ', 8.00, 10.00, '2026-06-12', '', 1, '2026-06-12 15:30:57', '2026-06-12 15:30:57'),
(495, 25, 1, '2026-2027', 'ເທີມ 1', 'ປະຈຳເດືອນ 9', 'ພາສາລາວ', 10.00, 10.00, '2026-06-12', '', 1, '2026-06-12 15:31:03', '2026-06-12 15:31:03'),
(496, 25, 1, '2026-2027', 'ເທີມ 1', 'ປະຈຳເດືອນ 9', 'ພາສາອັງກິດ', 7.00, 10.00, '2026-06-12', '', 1, '2026-06-12 15:31:09', '2026-06-12 15:31:09'),
(497, 25, 1, '2026-2027', 'ເທີມ 1', 'ປະຈຳເດືອນ 9', 'ວິທະຍາສາດ', 9.00, 10.00, '2026-06-12', '', 1, '2026-06-12 15:31:16', '2026-06-12 15:31:16');

-- --------------------------------------------------------

--
-- Table structure for table `transport_students`
--

CREATE TABLE `transport_students` (
  `ts_id` int(11) NOT NULL,
  `vehicle_id` int(11) NOT NULL,
  `student_id` int(11) NOT NULL
) ENGINE=InnoDB DEFAULT CHARSET=utf8mb4 COLLATE=utf8mb4_unicode_ci;

-- --------------------------------------------------------

--
-- Table structure for table `transport_vehicles`
--

CREATE TABLE `transport_vehicles` (
  `vehicle_id` int(11) NOT NULL,
  `vehicle_name` varchar(100) NOT NULL,
  `plate_number` varchar(30) NOT NULL,
  `type` enum('ລົດຕູ້','ລົດບັດ','ອື່ນໆ') DEFAULT 'ລົດຕູ້',
  `capacity` int(11) DEFAULT 15,
  `driver_name` varchar(200) DEFAULT NULL,
  `driver_phone` varchar(30) DEFAULT NULL,
  `route_name` varchar(200) DEFAULT NULL,
  `status` enum('active','inactive') DEFAULT 'active',
  `created_at` timestamp NOT NULL DEFAULT current_timestamp()
) ENGINE=InnoDB DEFAULT CHARSET=utf8mb4 COLLATE=utf8mb4_unicode_ci;

--
-- Dumping data for table `transport_vehicles`
--

INSERT INTO `transport_vehicles` (`vehicle_id`, `vehicle_name`, `plate_number`, `type`, `capacity`, `driver_name`, `driver_phone`, `route_name`, `status`, `created_at`) VALUES
(1, 'ລົດຕູ້ 01', 'GN-1234', 'ລົດຕູ້', 15, 'ທ່ານ ໄຊ ສີດາ', '020 99 001 001', 'ສາຍ A - ທ່ານ ເຕ-ໂພນສາ', 'active', '2026-03-14 08:58:54'),
(2, 'ລົດຕູ້ 02', 'GN-5678', 'ລົດຕູ້', 15, 'ທ່ານ ສຸ ດາວ', '020 99 001 002', 'ສາຍ B - ໂພນທັນ-ດົງໂດກ', 'active', '2026-03-14 08:58:54'),
(3, 'ລົດບັດ 01', 'GN-9012', 'ລົດບັດ', 30, 'ທ່ານ ຄຳ ສີ', '020 99 001 003', 'ສາຍ C - ສີສັດຕະນາກ', 'active', '2026-03-14 08:58:54'),
(4, 'ລົດຕູ້ 01', 'GN-1234', 'ລົດຕູ້', 15, 'ທ່ານ ໄຊ ສີດາ', '020 99 001 001', 'ສາຍ A - ທ່ານ ເຕ-ໂພນສາ', 'active', '2026-03-14 10:41:04'),
(5, 'ລົດຕູ້ 02', 'GN-5678', 'ລົດຕູ້', 15, 'ທ່ານ ສຸ ດາວ', '020 99 001 002', 'ສາຍ B - ໂພນທັນ-ດົງໂດກ', 'active', '2026-03-14 10:41:04'),
(6, 'ລົດບັດ 01', 'GN-9012', 'ລົດບັດ', 30, 'ທ່ານ ຄຳ ສີ', '020 99 001 003', 'ສາຍ C - ສີສັດຕະນາກ', 'active', '2026-03-14 10:41:04');

-- --------------------------------------------------------

--
-- Table structure for table `users`
--

CREATE TABLE `users` (
  `user_id` int(11) NOT NULL,
  `username` varchar(100) NOT NULL,
  `password_hash` varchar(255) NOT NULL,
  `role` enum('admin','teacher','staff') NOT NULL DEFAULT 'staff',
  `is_active` tinyint(1) DEFAULT 1,
  `created_at` timestamp NOT NULL DEFAULT current_timestamp()
) ENGINE=InnoDB DEFAULT CHARSET=utf8mb4 COLLATE=utf8mb4_unicode_ci;

--
-- Dumping data for table `users`
--

INSERT INTO `users` (`user_id`, `username`, `password_hash`, `role`, `is_active`, `created_at`) VALUES
(1, 'admin', '$2y$10$92IXUNpkjO0rOQ5byMi.Ye4oKoEa3Ro9llC/.og/at2.uheWG/igi', 'admin', 1, '2026-03-14 08:58:54'),
(14, 'TT', '$2y$10$5T1J/bb7QQkOOHIrh6/jSOzNgv1Gyzy4g3aXH8ql62/mWAQbCfcye', 'teacher', 1, '2026-06-06 07:47:08'),
(16, 'ນ.ອອນດີ', '$2y$10$WBWX5Q6873t3HhytjaVBw.fqu3.FyfPNHsjSvB8n/ZHpGmldYbPSq', 'teacher', 1, '2026-06-13 03:24:06');

-- --------------------------------------------------------

--
-- Table structure for table `user_permissions`
--

CREATE TABLE `user_permissions` (
  `perm_id` int(11) NOT NULL,
  `user_id` int(11) NOT NULL,
  `dashboard` enum('full','readonly','limited','none') DEFAULT 'readonly',
  `students` enum('full','readonly','limited','none') DEFAULT 'none',
  `staff` enum('full','readonly','limited','none') DEFAULT 'none',
  `classes` enum('full','readonly','limited','none') DEFAULT 'none',
  `attendance` enum('full','readonly','limited','none') DEFAULT 'none',
  `assessments` enum('full','readonly','limited','none') DEFAULT 'none',
  `scores` enum('full','readonly','limited','none') DEFAULT 'none',
  `finance` enum('full','readonly','limited','none') DEFAULT 'none',
  `transport` enum('full','readonly','limited','none') DEFAULT 'none',
  `meals` enum('full','readonly','limited','none') DEFAULT 'none',
  `health` enum('full','readonly','limited','none') DEFAULT 'none',
  `communication` enum('full','readonly','limited','none') DEFAULT 'none',
  `calendar` enum('full','readonly','limited','none') DEFAULT 'none',
  `inventory` enum('full','readonly','limited','none') DEFAULT 'none',
  `reports` enum('full','readonly','limited','none') DEFAULT 'none',
  `settings` enum('full','readonly','limited','none') DEFAULT 'none',
  `updated_at` timestamp NOT NULL DEFAULT current_timestamp() ON UPDATE current_timestamp()
) ENGINE=InnoDB DEFAULT CHARSET=utf8mb4 COLLATE=utf8mb4_general_ci;

--
-- Indexes for dumped tables
--

--
-- Indexes for table `attendance`
--
ALTER TABLE `attendance`
  ADD PRIMARY KEY (`att_id`),
  ADD UNIQUE KEY `unique_student_date` (`student_id`,`att_date`),
  ADD KEY `recorded_by` (`recorded_by`);

--
-- Indexes for table `calendar_events`
--
ALTER TABLE `calendar_events`
  ADD PRIMARY KEY (`event_id`),
  ADD KEY `idx_event_date` (`event_date`),
  ADD KEY `created_by` (`created_by`);

--
-- Indexes for table `classes`
--
ALTER TABLE `classes`
  ADD PRIMARY KEY (`class_id`),
  ADD KEY `fk_mentor_teacher` (`mentor_teacher_id`);

--
-- Indexes for table `finance_categories`
--
ALTER TABLE `finance_categories`
  ADD PRIMARY KEY (`cat_id`);

--
-- Indexes for table `finance_transactions`
--
ALTER TABLE `finance_transactions`
  ADD PRIMARY KEY (`tx_id`),
  ADD KEY `student_id` (`student_id`),
  ADD KEY `category_id` (`category_id`);

--
-- Indexes for table `health_alerts`
--
ALTER TABLE `health_alerts`
  ADD PRIMARY KEY (`alert_id`),
  ADD KEY `student_id` (`student_id`);

--
-- Indexes for table `health_records`
--
ALTER TABLE `health_records`
  ADD PRIMARY KEY (`record_id`),
  ADD KEY `student_id` (`student_id`);

--
-- Indexes for table `login_logs`
--
ALTER TABLE `login_logs`
  ADD PRIMARY KEY (`log_id`);

--
-- Indexes for table `meals`
--
ALTER TABLE `meals`
  ADD PRIMARY KEY (`meal_id`);

--
-- Indexes for table `schedule_entries`
--
ALTER TABLE `schedule_entries`
  ADD PRIMARY KEY (`schedule_id`),
  ADD KEY `idx_schedule_day` (`day_of_week`,`start_time`),
  ADD KEY `class_id` (`class_id`),
  ADD KEY `teacher_id` (`teacher_id`);

--
-- Indexes for table `settings`
--
ALTER TABLE `settings`
  ADD PRIMARY KEY (`setting_key`);

--
-- Indexes for table `staff`
--
ALTER TABLE `staff`
  ADD PRIMARY KEY (`staff_id`),
  ADD KEY `user_id` (`user_id`);

--
-- Indexes for table `students`
--
ALTER TABLE `students`
  ADD PRIMARY KEY (`student_id`),
  ADD UNIQUE KEY `student_code` (`student_code`),
  ADD KEY `class_id` (`class_id`);

--
-- Indexes for table `student_scores`
--
ALTER TABLE `student_scores`
  ADD PRIMARY KEY (`score_id`),
  ADD UNIQUE KEY `unique_student_score_context` (`student_id`,`academic_year`,`term`,`exam_type`,`subject`),
  ADD KEY `idx_scores_context` (`academic_year`,`term`,`exam_type`,`subject`),
  ADD KEY `idx_scores_class` (`class_id`),
  ADD KEY `recorded_by` (`recorded_by`);

--
-- Indexes for table `transport_students`
--
ALTER TABLE `transport_students`
  ADD PRIMARY KEY (`ts_id`),
  ADD UNIQUE KEY `unique_transport` (`vehicle_id`,`student_id`),
  ADD KEY `student_id` (`student_id`);

--
-- Indexes for table `transport_vehicles`
--
ALTER TABLE `transport_vehicles`
  ADD PRIMARY KEY (`vehicle_id`);

--
-- Indexes for table `users`
--
ALTER TABLE `users`
  ADD PRIMARY KEY (`user_id`),
  ADD UNIQUE KEY `username` (`username`);

--
-- Indexes for table `user_permissions`
--
ALTER TABLE `user_permissions`
  ADD PRIMARY KEY (`perm_id`),
  ADD UNIQUE KEY `user_id` (`user_id`);

--
-- AUTO_INCREMENT for dumped tables
--

--
-- AUTO_INCREMENT for table `attendance`
--
ALTER TABLE `attendance`
  MODIFY `att_id` int(11) NOT NULL AUTO_INCREMENT, AUTO_INCREMENT=509;

--
-- AUTO_INCREMENT for table `calendar_events`
--
ALTER TABLE `calendar_events`
  MODIFY `event_id` int(11) NOT NULL AUTO_INCREMENT, AUTO_INCREMENT=5;

--
-- AUTO_INCREMENT for table `classes`
--
ALTER TABLE `classes`
  MODIFY `class_id` int(11) NOT NULL AUTO_INCREMENT, AUTO_INCREMENT=31;

--
-- AUTO_INCREMENT for table `finance_categories`
--
ALTER TABLE `finance_categories`
  MODIFY `cat_id` int(11) NOT NULL AUTO_INCREMENT, AUTO_INCREMENT=13;

--
-- AUTO_INCREMENT for table `finance_transactions`
--
ALTER TABLE `finance_transactions`
  MODIFY `tx_id` int(11) NOT NULL AUTO_INCREMENT, AUTO_INCREMENT=45;

--
-- AUTO_INCREMENT for table `health_alerts`
--
ALTER TABLE `health_alerts`
  MODIFY `alert_id` int(11) NOT NULL AUTO_INCREMENT, AUTO_INCREMENT=3;

--
-- AUTO_INCREMENT for table `health_records`
--
ALTER TABLE `health_records`
  MODIFY `record_id` int(11) NOT NULL AUTO_INCREMENT, AUTO_INCREMENT=3;

--
-- AUTO_INCREMENT for table `login_logs`
--
ALTER TABLE `login_logs`
  MODIFY `log_id` int(11) NOT NULL AUTO_INCREMENT, AUTO_INCREMENT=6;

--
-- AUTO_INCREMENT for table `meals`
--
ALTER TABLE `meals`
  MODIFY `meal_id` int(11) NOT NULL AUTO_INCREMENT, AUTO_INCREMENT=47;

--
-- AUTO_INCREMENT for table `schedule_entries`
--
ALTER TABLE `schedule_entries`
  MODIFY `schedule_id` int(11) NOT NULL AUTO_INCREMENT, AUTO_INCREMENT=410;

--
-- AUTO_INCREMENT for table `staff`
--
ALTER TABLE `staff`
  MODIFY `staff_id` int(11) NOT NULL AUTO_INCREMENT, AUTO_INCREMENT=14;

--
-- AUTO_INCREMENT for table `students`
--
ALTER TABLE `students`
  MODIFY `student_id` int(11) NOT NULL AUTO_INCREMENT, AUTO_INCREMENT=136;

--
-- AUTO_INCREMENT for table `student_scores`
--
ALTER TABLE `student_scores`
  MODIFY `score_id` int(11) NOT NULL AUTO_INCREMENT, AUTO_INCREMENT=498;

--
-- AUTO_INCREMENT for table `transport_students`
--
ALTER TABLE `transport_students`
  MODIFY `ts_id` int(11) NOT NULL AUTO_INCREMENT;

--
-- AUTO_INCREMENT for table `transport_vehicles`
--
ALTER TABLE `transport_vehicles`
  MODIFY `vehicle_id` int(11) NOT NULL AUTO_INCREMENT, AUTO_INCREMENT=7;

--
-- AUTO_INCREMENT for table `users`
--
ALTER TABLE `users`
  MODIFY `user_id` int(11) NOT NULL AUTO_INCREMENT, AUTO_INCREMENT=17;

--
-- AUTO_INCREMENT for table `user_permissions`
--
ALTER TABLE `user_permissions`
  MODIFY `perm_id` int(11) NOT NULL AUTO_INCREMENT, AUTO_INCREMENT=4;

--
-- Constraints for dumped tables
--

--
-- Constraints for table `attendance`
--
ALTER TABLE `attendance`
  ADD CONSTRAINT `attendance_ibfk_1` FOREIGN KEY (`student_id`) REFERENCES `students` (`student_id`) ON DELETE CASCADE,
  ADD CONSTRAINT `attendance_ibfk_2` FOREIGN KEY (`recorded_by`) REFERENCES `staff` (`staff_id`) ON DELETE SET NULL;

--
-- Constraints for table `calendar_events`
--
ALTER TABLE `calendar_events`
  ADD CONSTRAINT `calendar_events_ibfk_1` FOREIGN KEY (`created_by`) REFERENCES `users` (`user_id`) ON DELETE SET NULL;

--
-- Constraints for table `classes`
--
ALTER TABLE `classes`
  ADD CONSTRAINT `fk_mentor_teacher` FOREIGN KEY (`mentor_teacher_id`) REFERENCES `staff` (`staff_id`) ON DELETE SET NULL;

--
-- Constraints for table `finance_transactions`
--
ALTER TABLE `finance_transactions`
  ADD CONSTRAINT `finance_transactions_ibfk_1` FOREIGN KEY (`student_id`) REFERENCES `students` (`student_id`) ON DELETE SET NULL,
  ADD CONSTRAINT `finance_transactions_ibfk_2` FOREIGN KEY (`category_id`) REFERENCES `finance_categories` (`cat_id`) ON DELETE SET NULL;

--
-- Constraints for table `health_alerts`
--
ALTER TABLE `health_alerts`
  ADD CONSTRAINT `health_alerts_ibfk_1` FOREIGN KEY (`student_id`) REFERENCES `students` (`student_id`) ON DELETE CASCADE;

--
-- Constraints for table `health_records`
--
ALTER TABLE `health_records`
  ADD CONSTRAINT `health_records_ibfk_1` FOREIGN KEY (`student_id`) REFERENCES `students` (`student_id`) ON DELETE CASCADE;

--
-- Constraints for table `schedule_entries`
--
ALTER TABLE `schedule_entries`
  ADD CONSTRAINT `schedule_entries_ibfk_1` FOREIGN KEY (`class_id`) REFERENCES `classes` (`class_id`) ON DELETE SET NULL,
  ADD CONSTRAINT `schedule_entries_ibfk_2` FOREIGN KEY (`teacher_id`) REFERENCES `staff` (`staff_id`) ON DELETE SET NULL;

--
-- Constraints for table `staff`
--
ALTER TABLE `staff`
  ADD CONSTRAINT `staff_ibfk_1` FOREIGN KEY (`user_id`) REFERENCES `users` (`user_id`) ON DELETE SET NULL;

--
-- Constraints for table `students`
--
ALTER TABLE `students`
  ADD CONSTRAINT `students_ibfk_1` FOREIGN KEY (`class_id`) REFERENCES `classes` (`class_id`) ON DELETE SET NULL;

--
-- Constraints for table `student_scores`
--
ALTER TABLE `student_scores`
  ADD CONSTRAINT `student_scores_ibfk_1` FOREIGN KEY (`student_id`) REFERENCES `students` (`student_id`) ON DELETE CASCADE,
  ADD CONSTRAINT `student_scores_ibfk_2` FOREIGN KEY (`class_id`) REFERENCES `classes` (`class_id`) ON DELETE SET NULL,
  ADD CONSTRAINT `student_scores_ibfk_3` FOREIGN KEY (`recorded_by`) REFERENCES `users` (`user_id`) ON DELETE SET NULL;

--
-- Constraints for table `transport_students`
--
ALTER TABLE `transport_students`
  ADD CONSTRAINT `transport_students_ibfk_1` FOREIGN KEY (`vehicle_id`) REFERENCES `transport_vehicles` (`vehicle_id`) ON DELETE CASCADE,
  ADD CONSTRAINT `transport_students_ibfk_2` FOREIGN KEY (`student_id`) REFERENCES `students` (`student_id`) ON DELETE CASCADE;

--
-- Constraints for table `user_permissions`
--
ALTER TABLE `user_permissions`
  ADD CONSTRAINT `user_permissions_ibfk_1` FOREIGN KEY (`user_id`) REFERENCES `users` (`user_id`) ON DELETE CASCADE;
COMMIT;

/*!40101 SET CHARACTER_SET_CLIENT=@OLD_CHARACTER_SET_CLIENT */;
/*!40101 SET CHARACTER_SET_RESULTS=@OLD_CHARACTER_SET_RESULTS */;
/*!40101 SET COLLATION_CONNECTION=@OLD_COLLATION_CONNECTION */;
